Workbook

Sheet Site Data Sheet
A2: DAKOTA COUNTY SITE DATA SHEET
A3: Surveyor(s):
A5: Revele Name:
A6: Purpose of releve: Classification, Site documentation, Rare species habitat, Monitoring
A9: Date:
A12: Ownership: | B12: Dakota County
A13: Vegetation:
A14: Site:
A15: Native Plant Community Class:
A16: NPC Type/subtype (optional):
A18: Community Ranking in Releve:
A19: Stand Typical of Community:
A20: if No, identify appropriate modifier:
A21: Plot Location:
A24: LOCATION INFORMATION
A28: Latitude:
A29: Longitude:
A36: Permanent Marker:
... A41: Elevation: _____ ft
A42: Slope: ______ ° | B42: or ____ %
A43: Aspect: _____° (degree)
A44: Topographic Context:
A45: SOIL INFORMATION
A53: Litter Type:
A54: Litter Thickness: cm
A55: Drainage Class:
A57: Standing Water:
A58: Thatch:
A59: Earthworm Rapid Assessment Rank:
A67: Drainage Class:
A75: Height of moss hummocks: | B75: _____ cm
A76: Depth of standing water: (>) | B76: _____ cm
A79: Exposed rock: | B79: ____ %
A80: Rock type:
A91: Additional Remarks:
A93: Life Form | D93: Height
A94: B | B94: Broadleaf evergreen | D94: >35m | E94: 8
A95: D | B95: Broadleaf deciduous | D95: 20-35m | E95: 7
A96: E | B96: Needleleaf evergreen | D96: 10-20m | E96: 6
A97: G | B97: Graminoids | D97: 5-10m | E97: 5
A98: H | B98: Forbs | D98: 2-5m | E98: 4
A99: L | B99: Lichens & mosses | D99: 0.5-2m | E99: 3
A100: C | B100: Climbers | D100: 0.1-0.5m | E100: 2
A101: K | B101: Stem succulents | D101: 0-0.1m | E101: 1
A102: X | B102: Epiphytes
A103: Cover Class | D103: Sociability
A104: Group | B104: CC | C104: Species Cover | D104: Extensive mat | E104: 5
A105: c | B105: 7 | C105: 95-100% | D105: small colonies, broken mat | E105: 4
A106: c | B106: 6 | C106: 75-95% | D106: large group, many plants | E106: 3
A107: i | B107: 5 | C107: 50-75% | D107: small dense clumps | E107: 2
A108: p | B108: 4 | C108: 25-50% | D108: growing singly | E108: 1
A109: r | B109: 3 | C109: 5-25%
A110: b | B110: 2 | C110: 1-5%
A111: a | B111: 1 | C111: 0-1%
A112: Abundance
A113: 1 | B113: <5% cover, many individuals
A114: + | B114: <5% cover, few (2-20) individuals
A115: r | B115: <5% cover, single

Sheet Vegetation Sheet
A1: DAKOTA COUNTY VEGETATION DATA SHEET
A2: Releve Name:
A3: Surveyor's Name:
A4: MN County: Dakota
A5: Date:
A6: GPS:
A7: Plant Community:
A9: ID | B9: Scientific Name | C9: Common Name | D9: CC | E9: CC Range | F9: Midpoint CC | G9: Physiognamy | H9: MN Nativity | I9: MNWI | J9: Rarity Status

Sheet Species List
A1: MN DNR Official Name | B1: Common Name | C1: C-value1 | D1: P | E1: MN Nativity | F1: MNWI | G1: RS | H1: Cover Class | I1: CC Range | J1: Midpoint CC | M1: Wc | N1: ID | O1: Native Plant Community
A2: Abies balsamea | B2: balsam fir | C2: 4 | D2: E | E2: Native | F2: FACW | H2: r | I2: >0-1% | J2: 0.5 | N2: cf. | O2: FDc25 Central Dry Oak-Aspen (Pine) Woodland
A3: Abutilon theophrasti | B3: velvet leaf | D3: H | E3: Introduced | F3: FACU- | H3: + | I3: >1-5% | J3: 3 | O3: FDs27 Southern Dry-Mesic Pine-Oak Woodland
A4: Acalypha rhomboidea | B4: three-seeded mercury | C4: 0 | D4: H | E4: Native | F4: FACU | H4: 1 | I4: >1-5% | J4: 3 | O4: FDs37 Southern Dry-Mesic Oak (Maple) Woodland
A5: Acer ginnala | B5: amur maple | C5: 0 | D5: D | E5: Introduced | H5: 2 | I5: >5-25% | J5: 15 | O5: FDs38 Southern Dry-Mesic Oak-Hickory Woodland
A6: Acer negundo | B6: box elder | C6: 1 | D6: D | E6: Native | F6: FACW- | H6: 3 | I6: >25-50% | J6: 37.5 | O6: MHc26 Central Dry-Mesic Oak-Aspen Forest
A7: Acer negundo var. interius | B7: box elder | C7: 1 | D7: D | E7: Native | H7: 4 | I7: >50-75% | J7: 62.5 | O7: MHc36 Central Mesic Hardwood Forest (Eastern)
A8: Acer negundo var. negundo | B8: box elder | C8: 1 | D8: D | E8: Native | H8: 5 | I8: >75-100% | J8: 87.5 | O8: MHc38 Central Mesic Cold-Slope Hardwood-Conifer Forest
A9: Acer nigrum | B9: black maple | C9: 5 | D9: D | E9: Native | F9: FACU | O9: MHc47 Central Wet-Mesic Hardwood Forest
A10: Acer platanoides | B10: Norway maple | C10: 0 | D10: D | E10: Introduced | F10: UPL | O10: MHs37 Southern Dry-Mesic Oak Forest
A11: Acer rubrum | B11: red maple | C11: 3 | D11: D | E11: Native | F11: [FAC] | O11: MHs38 Southern Mesic Oak-Basswood Forest
A12: Acer saccharinum | B12: silver maple | C12: 3 | D12: D | E12: Native | F12: FACW | O12: MHs39 Southern Mesic Maple-Basswood Forest
A13: Acer saccharum | B13: sugar maple | C13: 5 | D13: D | E13: Native | F13: [FACU] | O13: MHs49 Southern Wet-Mesic Hardwood Forest
A14: Acer spicatum | B14: mountain maple | C14: 5 | D14: D | E14: Native | F14: FACU* | O14: FFs59 Southern Terrace Forest
A15: Acer spp. | O15: FFs68 Southern Floodplain Forest
A16: Achillea alpina | B16: Siberian yarrow | D16: H | G16: T | O16: WFn53 Northern Wet Cedar Forest
A17: Achillea millefolium | B17: common yarrow | C17: 1 | D17: H | E17: Native | F17: FACU | O17: WFn55 Northern Wet Ash Swamp
A18: Achillea ptarmica | B18: pearly yarrow | C18: 0 | D18: H | E18: Introduced | F18: FACU | O18: WFn64 Northern Very Wet Ash Swamp
A19: Achillea spp. | O19: WFs55 Southern Wet Aspen Forest
A20: Achnatherum hymenoides | B20: Indian rice grass | C20: 6 | D20: G | E20: Native | F20: [FACU+] | G20: E | O20: WFs57 Southern Wet Ash Swamp
A21: Acorus americanus | B21: sweet flag | C21: 7 | D21: H | E21: Native | F21: [OBL] | O21: FPs63 Southern Rich Conifer Swamp
A22: Actaea pachypoda | B22: white baneberry | C22: 6 | D22: H | E22: Native | F22: FACU | O22: APn81 Northern Poor Conifer Swamp
A23: Actaea rubra | B23: red baneberry | C23: 7 | D23: H | E23: Native | F23: FACU | O23: CTs12 Southern Dry Cliff
A24: Actaea spp. | B24: baneberry | C24: 6 | D24: H | E24: Native | F24: FACU | O24: CTs23 Southern Open Talus
A25: Adiantum pedatum | B25: maidenhair fern | C25: 7 | D25: H | E25: Native | F25: FAC- | O25: CTs33 Southern Mesic Cliff
A26: Adlumia fungosa | B26: Allegheny vine | C26: 7 | D26: H | E26: Native | G26: SC | O26: CTs43 Southern Maderate Cliff
A27: Adoxa moschatellina | B27: moschatel | C27: 9 | D27: H | E27: Native | F27: FAC | O27: CTs46 Southern Algific Talus
A28: Aegopodium podagraria | B28: goutweed | C28: 0 | D28: H | E28: Introduced | F28: FAC | O28: CTs53 Southern Wet Cliff
A29: Aethusa cynapium | B29: fool's-parsley | C29: 0 | D29: H | E29: Introduced | O29: ROs12 Southern Bedrock Outcrop
A30: Agalinis aspera | B30: rough false foxglove | C30: 7 | D30: H | E30: Native | F30: FAC- | O30: LKi32 Inland Lake Sand/Gravel/Cobble Shore
A31: Agalinis auriculata | B31: eared false foxglove | C31: 9 | D31: H | E31: Native | G31: E | O31: LKi43 Inland Lake Rocky Shore
A32: Agalinis gattingeri | B32: round-stemmed false foxglove | C32: 8 | D32: H | E32: Native | G32: E | O32: LKi54 Inland Lake Clay/Mud Shore
A33: Agalinis purpurea | B33: purple false foxglove | C33: 7 | D33: H | E33: Native | F33: FACW | O33: RVx32 Sand/Gravel/Cobble River Shore
A34: Agalinis purpurea var. parviflora | B34: purple false foxglove | C34: 7 | D34: H | E34: Native | F34: OBL | O34: RVx43 Rocky River Shore
A35: Agalinis purpurea var. purpurea | B35: purple false foxglove | D35: H | E35: Native | G35: W | O35: RVx54 Clay/Mud River Shore
A36: Agalinis spp. | B36: false foxglove | D36: H | E36: Native | O36: UPs13 Southern Dry Prairie
A37: Agalinis tenuifolia | B37: slender-leaved false foxglove | C37: 3 | D37: H | E37: Native | F37: FACW | O37: UPs14 Southern Dry Savanna
A38: Agastache foeniculum | B38: blue giant hyssop | C38: 6 | D38: H | E38: Native | O38: UPs23 Southern Mesic Prairie
A39: Agastache nepetoides | B39: yellow giant hyssop | C39: 4 | D39: H | E39: Native | F39: FACU | G39: H | O39: UPs24 Southern Mesic Savanna
A40: Agastache scrophulariaefolia | B40: purple giant hyssop | C40: 4 | D40: H | E40: Native | O40: APn91 Northern Poor Fen
A41: Agastache spp. | D41: H | E41: Native | O41: OPn81 Northern Shrub Shore Fen
A42: Ageratina altissima | B42: white snakeroot | C42: 1 | D42: H | E42: Native | F42: FACU | O42: OPn92 Northern Rich Fen (Basin)
A43: Ageratina altissima var. altissima | B43: white snakeroot | C43: 2 | D43: H | E43: Native | F43: [FACU] | O43: OPp91 Prairie Rich Fen
A44: Agoseris glauca | B44: glaucous false dandelion | D44: H | O44: OPp93 Prairie Extremely Rich Fen
A45: Agoseris glauca var. glauca | B45: glaucous false dandelion | C45: 8 | D45: H | E45: Native | F45: [FACU] | O45: WFn74 Northern Alder Swamp
A46: Agrimonia gryposepala | B46: common agrimony | C46: 2 | D46: H | E46: Native | F46: FACU+ | O46: FPn73 Northern Rich Alder Swamp
A47: Agrimonia pubescens | B47: downy agrimony | C47: 5 | D47: H | E47: Native | O47: WMn82 Northern Wet Meadow/Carr
A48: Agrimonia spp. | O48: WMs83 Southern Seepage Meadow/Carr
A49: Agrimonia striata | B49: roadside agrimony | C49: 3 | D49: H | E49: Native | F49: FAC- | O49: MRn83 Northern Mixed Cattail Marsh
A50: Agropyron cristatum | B50: crested wheatgrass | C50: 0 | D50: G | E50: Introduced | O50: MRn93 Northern Bulrush-Spikerush Marsh
A51: Agrostemma githago | C51: 0 | D51: H | E51: Introduced | O51: WPs54 Southern Wet Prairie
A52: Agrostemma githago var. githago | B52: purple cockle | C52: 0 | D52: H | E52: Introduced
A53: Agrostis gigantea | B53: redtop | C53: 0 | D53: G | E53: Introduced | F53: [FACW]
A54: Agrostis hyemalis | B54: winter bentgrass | C54: 8 | D54: G | E54: Native | F54: FAC- | G54: E
A55: Agrostis perennans | B55: autumn bentgrass | C55: 3 | D55: G | E55: Native | F55: FAC-
A56: Agrostis scabra | B56: rough bentgrass | C56: 2 | D56: G | E56: Native | F56: FAC
A57: Agrostis spp.
A58: Agrostis stolonifera | B58: spreading bentgrass | C58: 1 | D58: G | E58: Native | F58: FACW
A59: Alisma gramineum | B59: narrow-leaved water plantain | C59: 5 | D59: S, H | E59: Native | F59: OBL | G59: SC
A60: Alisma spp.
A61: Alisma subcordatum | B61: heart-leaved water plantain | C61: 4 | D61: H | E61: Native | F61: OBL
A62: Alisma triviale | B62: common water plantain | C62: 4 | D62: H | E62: Native | F62: [OBL]
A63: Alliaria petiolata | B63: garlic mustard | C63: 0 | D63: H | E63: Introduced | F63: FAC
A64: Allium canadense | B64: wild garlic | C64: 4 | D64: H | E64: Native | F64: FACU
A65: Allium canadense var. canadense | B65: wild garlic | C65: 5 | D65: H | E65: Native | F65: [FACU]
A66: Allium cernuum | B66: nodding wild onion | C66: 7 | D66: H | E66: Native | F66: FACU | G66: SC
A67: Allium schoenoprasum | B67: wild chives | C67: 9 | D67: H | E67: Native | F67: [FAC+] | G67: E
A68: Allium spp.
A69: Allium stellatum | B69: prairie wild onion | C69: 9 | D69: H | E69: Native
A70: Allium textile | B70: white wild onion | D70: H
A71: Allium tricoccum | B71: wild leek | C71: 6 | D71: H | E71: Native | F71: FACU+
A72: Allium tricoccum var. burdickii | B72: Burdick's leek | D72: H
A73: Allium tricoccum var. tricoccum | B73: wild leek | D73: H
A74: Alnus incana | B74: speckled alder | C74: 4 | D74: D | E74: Native | F74: FACW
A75: Alnus incana ssp. rugosa | B75: speckled alder | C75: 3 | D75: D | E75: Native | F75: [OBL]
A76: Alnus spp.
A77: Alnus viridis | B77: green alder | C77: 8 | D77: H | E77: Native | F77: FAC
A78: Alnus viridis ssp. crispa | B78: green alder | C78: 6 | D78: D | E78: Native | F78: [FAC]
A79: Alopecurus aequalis | B79: short-awn foxtail | C79: 4 | D79: G | E79: Native | F79: OBL
A80: Alopecurus aequalis var. aequalis | B80: short-awn foxtail | C80: 4 | D80: G | E80: Native | F80: [OBL]
A81: Alopecurus carolinianus | B81: Carolina foxtail | C81: 8 | D81: G | E81: Native | F81: FACW
A82: Alopecurus pratensis | B82: meadow foxtail | C82: 0 | D82: G | E82: Introduced | F82: FACW
A83: Alopecurus spp.
A84: Althaea officinalis | C84: 0 | D84: H | E84: Introduced | F84: FACW
A85: Alyssum alyssoides | B85: alyssum | C85: 0 | D85: H | E85: Introduced
A86: Amaranthus albus | B86: tumbleweed amaranth | C86: 0 | D86: H | E86: Introduced | F86: FACU
A87: Amaranthus blitoides | B87: prostrate pigweed | C87: 0 | D87: H | E87: Introduced | F87: FACU
A88: Amaranthus hybridus | B88: smooth pigweed | C88: 0 | D88: H | E88: Introduced
A89: Amaranthus powellii | B89: Powell's amaranth | C89: 0 | D89: H | E89: Introduced
A90: Amaranthus retroflexus | B90: redroot amaranth | C90: 0 | D90: H | E90: Introduced | F90: FACU+
A91: Amaranthus retroflexus var. retroflexus | D91: H
A92: Amaranthus spp.
A93: Amaranthus tuberculatus | B93: tubercled amaranth | C93: 2 | D93: H | E93: Native | F93: OBL
A94: Ambrosia acanthicarpa | B94: annual bursage | D94: H
A95: Ambrosia artemisiifolia | B95: common ragweed | C95: 0 | D95: H | E95: Native | F95: FACU
A96: Ambrosia psilostachya | B96: western ragweed | C96: 2 | D96: H | E96: Native | F96: FAC-
A97: Ambrosia spp.
A98: Ambrosia trifida | B98: great ragweed | C98: 0 | D98: H | E98: Native | F98: [FAC+]
A99: Amelanchier alnifolia | B99: saskatoon juneberry | C99: 5 | D99: D | E99: Native | F99: [FACU+]
A100: Amelanchier arborea | B100: downy serviceberry | C100: 6 | D100: D | E100: Native | F100: [FACU]
...

Sheet Woody
A1: DAKOTA COUNTY VEGETATION DATA SHEET
A2: Releve Name: | B2: WWIMR2022
A3: Surveyor's Name:
A4: MN County:
A5: Date:
A6: GPS:
A7: Plant Community:
A9: Scientific Name | B9: Common Name | C9: --> | D9: C Value | E9: Physiognamy | F9: MN Nativity | G9: MNWI | H9: Rarity Status | I9: ID | J9: CC | K9: CC Range | L9: --> | M9: Midpoint CC | N9: p | O9: pC
A10: D3i, D1-2r
A12: Rhus glabra | B12: =IF(LEN(VLOOKUP(A12,'Species List'!$A:$G,2,FALSE))=0,"",VLOOKUP(A12,'Species List'!$A:$G,2,FALSE)) -> smooth sumac | C12: =IF(LEN(VLOOKUP(A12,'Species List'!$A:$G,3,FALSE))=0,"",VLOOKUP(A12,'Species List'!$A:$G,3,FALSE)) -> 2 | D12: =VALUE(C12) -> 2 | E12: =IF(LEN(VLOOKUP(A12,'Species List'!$A:$G,4,FALSE))=0,"",VLOOKUP(A12,'Species List'!$A:$G,4,FALSE)) -> D | F12: =IF(LEN(VLOOKUP(A12,'Species List'!$A:$G,5,FALSE))=0,"",VLOOKUP(A12,'Species List'!$A:$G,5,FALSE)) -> Native | G12: =IF(LEN(VLOOKUP(A12,'Species List'!$A:$G,6,FALSE))=0,"",VLOOKUP(A12,'Species List'!$A:$G,6,FALSE)) | H12: =VLOOKUP(A12,'Species List'!$A:$G,7,FALSE) -> 0 | J12: 4 | K12: =VLOOKUP(J12,'Species List'!$H$1:$J$9,2,FALSE) -> >50-75% | L12: =VLOOKUP(K12,'Species List'!$I$1:$N$8,2,FALSE) -> 62.5 | M12: =VALUE(L12) -> 62.5 | N12: =L12/$L$153 -> 0.79113924 | O12: =D12*N12 -> 1.5822785
A13: Juglans nigra | B13: =IF(LEN(VLOOKUP(A13,'Species List'!$A:$G,2,FALSE))=0,"",VLOOKUP(A13,'Species List'!$A:$G,2,FALSE)) -> black walnut | C13: =IF(LEN(VLOOKUP(A13,'Species List'!$A:$G,3,FALSE))=0,"",VLOOKUP(A13,'Species List'!$A:$G,3,FALSE)) -> 4 | D13: =VALUE(C13) -> 4 | E13: =IF(LEN(VLOOKUP(A13,'Species List'!$A:$G,4,FALSE))=0,"",VLOOKUP(A13,'Species List'!$A:$G,4,FALSE)) -> D | F13: =IF(LEN(VLOOKUP(A13,'Species List'!$A:$G,5,FALSE))=0,"",VLOOKUP(A13,'Species List'!$A:$G,5,FALSE)) -> Native | G13: =IF(LEN(VLOOKUP(A13,'Species List'!$A:$G,6,FALSE))=0,"",VLOOKUP(A13,'Species List'!$A:$G,6,FALSE)) -> FACU | H13: =VLOOKUP(A13,'Species List'!$A:$G,7,FALSE) -> 0 | J13: + | K13: =VLOOKUP(J13,'Species List'!$H$1:$J$9,2,FALSE) -> >1-5% | L13: =VLOOKUP(K13,'Species List'!$I$1:$N$8,2,FALSE) -> 3 | M13: =VALUE(L13) -> 3 | N13: =L13/$L$153 -> 0.037974684 | O13: =D13*N13 -> 0.15189873
A14: Ulmus pumila | B14: =IF(LEN(VLOOKUP(A14,'Species List'!$A:$G,2,FALSE))=0,"",VLOOKUP(A14,'Species List'!$A:$G,2,FALSE)) -> Siberian elm | C14: =IF(LEN(VLOOKUP(A14,'Species List'!$A:$G,3,FALSE))=0,"",VLOOKUP(A14,'Species List'!$A:$G,3,FALSE)) -> 0 | D14: =VALUE(C14) -> 0 | E14: =IF(LEN(VLOOKUP(A14,'Species List'!$A:$G,4,FALSE))=0,"",VLOOKUP(A14,'Species List'!$A:$G,4,FALSE)) -> D | F14: =IF(LEN(VLOOKUP(A14,'Species List'!$A:$G,5,FALSE))=0,"",VLOOKUP(A14,'Species List'!$A:$G,5,FALSE)) -> Introduced | G14: =IF(LEN(VLOOKUP(A14,'Species List'!$A:$G,6,FALSE))=0,"",VLOOKUP(A14,'Species List'!$A:$G,6,FALSE)) -> UPL | H14: =VLOOKUP(A14,'Species List'!$A:$G,7,FALSE) -> 0 | J14: r | K14: =VLOOKUP(J14,'Species List'!$H$1:$J$9,2,FALSE) -> >0-1% | L14: =VLOOKUP(K14,'Species List'!$I$1:$N$8,2,FALSE) -> 0.5 | M14: =VALUE(L14) -> 0.5 | N14: =L14/$L$153 -> 0.0063291139 | O14: =D14*N14 -> 0
A15: Rubus allegheniensis s.s. | B15: =IF(LEN(VLOOKUP(A15,'Species List'!$A:$G,2,FALSE))=0,"",VLOOKUP(A15,'Species List'!$A:$G,2,FALSE)) -> Allegheny blackberry | C15: =IF(LEN(VLOOKUP(A15,'Species List'!$A:$G,3,FALSE))=0,"",VLOOKUP(A15,'Species List'!$A:$G,3,FALSE)) -> 2 | D15: =VALUE(C15) -> 2 | E15: =IF(LEN(VLOOKUP(A15,'Species List'!$A:$G,4,FALSE))=0,"",VLOOKUP(A15,'Species List'!$A:$G,4,FALSE)) -> D | F15: =IF(LEN(VLOOKUP(A15,'Species List'!$A:$G,5,FALSE))=0,"",VLOOKUP(A15,'Species List'!$A:$G,5,FALSE)) -> Native | G15: =IF(LEN(VLOOKUP(A15,'Species List'!$A:$G,6,FALSE))=0,"",VLOOKUP(A15,'Species List'!$A:$G,6,FALSE)) -> [FACU+] | H15: =VLOOKUP(A15,'Species List'!$A:$G,7,FALSE) -> 0 | J15: 1 | K15: =VLOOKUP(J15,'Species List'!$H$1:$J$9,2,FALSE) -> >1-5% | L15: =VLOOKUP(K15,'Species List'!$I$1:$N$8,2,FALSE) -> 3 | M15: =VALUE(L15) -> 3 | N15: =L15/$L$153 -> 0.037974684 | O15: =D15*N15 -> 0.075949367
A16: Rhamnus cathartica | B16: =IF(LEN(VLOOKUP(A16,'Species List'!$A:$G,2,FALSE))=0,"",VLOOKUP(A16,'Species List'!$A:$G,2,FALSE)) -> common buckthorn | C16: =IF(LEN(VLOOKUP(A16,'Species List'!$A:$G,3,FALSE))=0,"",VLOOKUP(A16,'Species List'!$A:$G,3,FALSE)) -> 0 | D16: =VALUE(C16) -> 0 | E16: =IF(LEN(VLOOKUP(A16,'Species List'!$A:$G,4,FALSE))=0,"",VLOOKUP(A16,'Species List'!$A:$G,4,FALSE)) -> D | F16: =IF(LEN(VLOOKUP(A16,'Species List'!$A:$G,5,FALSE))=0,"",VLOOKUP(A16,'Species List'!$A:$G,5,FALSE)) -> Introduced | G16: =IF(LEN(VLOOKUP(A16,'Species List'!$A:$G,6,FALSE))=0,"",VLOOKUP(A16,'Species List'!$A:$G,6,FALSE)) -> FACU | H16: =VLOOKUP(A16,'Species List'!$A:$G,7,FALSE) -> 0 | J16: + | K16: =VLOOKUP(J16,'Species List'!$H$1:$J$9,2,FALSE) -> >1-5% | L16: =VLOOKUP(K16,'Species List'!$I$1:$N$8,2,FALSE) -> 3 | M16: =VALUE(L16) -> 3 | N16: =L16/$L$153 -> 0.037974684 | O16: =D16*N16 -> 0
A17: Prunus americana | B17: =IF(LEN(VLOOKUP(A17,'Species List'!$A:$G,2,FALSE))=0,"",VLOOKUP(A17,'Species List'!$A:$G,2,FALSE)) -> wild plum | C17: =IF(LEN(VLOOKUP(A17,'Species List'!$A:$G,3,FALSE))=0,"",VLOOKUP(A17,'Species List'!$A:$G,3,FALSE)) -> 3 | D17: =VALUE(C17) -> 3 | E17: =IF(LEN(VLOOKUP(A17,'Species List'!$A:$G,4,FALSE))=0,"",VLOOKUP(A17,'Species List'!$A:$G,4,FALSE)) -> D | F17: =IF(LEN(VLOOKUP(A17,'Species List'!$A:$G,5,FALSE))=0,"",VLOOKUP(A17,'Species List'!$A:$G,5,FALSE)) -> Native | G17: =IF(LEN(VLOOKUP(A17,'Species List'!$A:$G,6,FALSE))=0,"",VLOOKUP(A17,'Species List'!$A:$G,6,FALSE)) -> UPL | H17: =VLOOKUP(A17,'Species List'!$A:$G,7,FALSE) -> 0 | J17: + | K17: =VLOOKUP(J17,'Species List'!$H$1:$J$9,2,FALSE) -> >1-5% | L17: =VLOOKUP(K17,'Species List'!$I$1:$N$8,2,FALSE) -> 3 | M17: =VALUE(L17) -> 3 | N17: =L17/$L$153 -> 0.037974684 | O17: =D17*N17 -> 0.11392405
A18: Acer ginnala | B18: =IF(LEN(VLOOKUP(A18,'Species List'!$A:$G,2,FALSE))=0,"",VLOOKUP(A18,'Species List'!$A:$G,2,FALSE)) -> amur maple | C18: =IF(LEN(VLOOKUP(A18,'Species List'!$A:$G,3,FALSE))=0,"",VLOOKUP(A18,'Species List'!$A:$G,3,FALSE)) -> 0 | D18: =VALUE(C18) -> 0 | E18: =IF(LEN(VLOOKUP(A18,'Species List'!$A:$G,4,FALSE))=0,"",VLOOKUP(A18,'Species List'!$A:$G,4,FALSE)) -> D | F18: =IF(LEN(VLOOKUP(A18,'Species List'!$A:$G,5,FALSE))=0,"",VLOOKUP(A18,'Species List'!$A:$G,5,FALSE)) -> Introduced | G18: =IF(LEN(VLOOKUP(A18,'Species List'!$A:$G,6,FALSE))=0,"",VLOOKUP(A18,'Species List'!$A:$G,6,FALSE)) | H18: =VLOOKUP(A18,'Species List'!$A:$G,7,FALSE) -> 0 | J18: r | K18: =VLOOKUP(J18,'Species List'!$H$1:$J$9,2,FALSE) -> >0-1% | L18: =VLOOKUP(K18,'Species List'!$I$1:$N$8,2,FALSE) -> 0.5 | M18: =VALUE(L18) -> 0.5 | N18: =L18/$L$153 -> 0.0063291139 | O18: =D18*N18 -> 0
A19: Exotic Lonicera spp. | B19: =IF(LEN(VLOOKUP(A19,'Species List'!$A:$G,2,FALSE))=0,"",VLOOKUP(A19,'Species List'!$A:$G,2,FALSE)) | C19: =IF(LEN(VLOOKUP(A19,'Species List'!$A:$G,3,FALSE))=0,"",VLOOKUP(A19,'Species List'!$A:$G,3,FALSE)) -> 0 | D19: =VALUE(C19) -> 0 | E19: =IF(LEN(VLOOKUP(A19,'Species List'!$A:$G,4,FALSE))=0,"",VLOOKUP(A19,'Species List'!$A:$G,4,FALSE)) -> D | F19: =IF(LEN(VLOOKUP(A19,'Species List'!$A:$G,5,FALSE))=0,"",VLOOKUP(A19,'Species List'!$A:$G,5,FALSE)) -> Introduced | G19: =IF(LEN(VLOOKUP(A19,'Species List'!$A:$G,6,FALSE))=0,"",VLOOKUP(A19,'Species List'!$A:$G,6,FALSE)) | H19: =VLOOKUP(A19,'Species List'!$A:$G,7,FALSE) -> 0 | J19: + | K19: =VLOOKUP(J19,'Species List'!$H$1:$J$9,2,FALSE) -> >1-5% | L19: =VLOOKUP(K19,'Species List'!$I$1:$N$8,2,FALSE) -> 3 | M19: =VALUE(L19) -> 3 | N19: =L19/$L$153 -> 0.037974684 | O19: =D19*N19 -> 0
A20: Fraxinus pennsylvanica | B20: =IF(LEN(VLOOKUP(A20,'Species List'!$A:$G,2,FALSE))=0,"",VLOOKUP(A20,'Species List'!$A:$G,2,FALSE)) -> green ash | C20: =IF(LEN(VLOOKUP(A20,'Species List'!$A:$G,3,FALSE))=0,"",VLOOKUP(A20,'Species List'!$A:$G,3,FALSE)) -> 2 | D20: =VALUE(C20) -> 2 | E20: =IF(LEN(VLOOKUP(A20,'Species List'!$A:$G,4,FALSE))=0,"",VLOOKUP(A20,'Species List'!$A:$G,4,FALSE)) -> D | F20: =IF(LEN(VLOOKUP(A20,'Species List'!$A:$G,5,FALSE))=0,"",VLOOKUP(A20,'Species List'!$A:$G,5,FALSE)) -> Native | G20: =IF(LEN(VLOOKUP(A20,'Species List'!$A:$G,6,FALSE))=0,"",VLOOKUP(A20,'Species List'!$A:$G,6,FALSE)) -> FACW | H20: =VLOOKUP(A20,'Species List'!$A:$G,7,FALSE) -> 0 | J20: r | K20: =VLOOKUP(J20,'Species List'!$H$1:$J$9,2,FALSE) -> >0-1% | L20: =VLOOKUP(K20,'Species List'!$I$1:$N$8,2,FALSE) -> 0.5 | M20: =VALUE(L20) -> 0.5 | N20: =L20/$L$153 -> 0.0063291139 | O20: =D20*N20 -> 0.012658228
B21: =IF(LEN(VLOOKUP(A21,'Species List'!$A:$G,2,FALSE))=0,"",VLOOKUP(A21,'Species List'!$A:$G,2,FALSE)) -> #N/A | C21: =IF(LEN(VLOOKUP(A21,'Species List'!$A:$G,3,FALSE))=0,"",VLOOKUP(A21,'Species List'!$A:$G,3,FALSE)) -> #N/A | D21: =VALUE(C21) -> #N/A | E21: =IF(LEN(VLOOKUP(A21,'Species List'!$A:$G,4,FALSE))=0,"",VLOOKUP(A21,'Species List'!$A:$G,4,FALSE)) -> #N/A | F21: =IF(LEN(VLOOKUP(A21,'Species List'!$A:$G,5,FALSE))=0,"",VLOOKUP(A21,'Species List'!$A:$G,5,FALSE)) -> #N/A | G21: =IF(LEN(VLOOKUP(A21,'Species List'!$A:$G,6,FALSE))=0,"",VLOOKUP(A21,'Species List'!$A:$G,6,FALSE)) -> #N/A | H21: =VLOOKUP(A21,'Species List'!$A:$G,7,FALSE) -> #N/A | K21: =VLOOKUP(J21,'Species List'!$H$1:$J$9,2,FALSE) -> #N/A | L21: =VLOOKUP(K21,'Species List'!$I$1:$N$8,2,FALSE) -> #N/A | M21: =VALUE(L21) -> #N/A | N21: =L21/$L$153 -> #N/A | O21: =D21*N21 -> #N/A
B22: =IF(LEN(VLOOKUP(A22,'Species List'!$A:$G,2,FALSE))=0,"",VLOOKUP(A22,'Species List'!$A:$G,2,FALSE)) -> #N/A | C22: =IF(LEN(VLOOKUP(A22,'Species List'!$A:$G,3,FALSE))=0,"",VLOOKUP(A22,'Species List'!$A:$G,3,FALSE)) -> #N/A | D22: =VALUE(C22) -> #N/A | E22: =IF(LEN(VLOOKUP(A22,'Species List'!$A:$G,4,FALSE))=0,"",VLOOKUP(A22,'Species List'!$A:$G,4,FALSE)) -> #N/A | F22: =IF(LEN(VLOOKUP(A22,'Species List'!$A:$G,5,FALSE))=0,"",VLOOKUP(A22,'Species List'!$A:$G,5,FALSE)) -> #N/A | G22: =IF(LEN(VLOOKUP(A22,'Species List'!$A:$G,6,FALSE))=0,"",VLOOKUP(A22,'Species List'!$A:$G,6,FALSE)) -> #N/A | H22: =VLOOKUP(A22,'Species List'!$A:$G,7,FALSE) -> #N/A | K22: =VLOOKUP(J22,'Species List'!$H$1:$J$9,2,FALSE) -> #N/A | L22: =VLOOKUP(K22,'Species List'!$I$1:$N$8,2,FALSE) -> #N/A | M22: =VALUE(L22) -> #N/A | N22: =L22/$L$153 -> #N/A | O22: =D22*N22 -> #N/A
B23: =IF(LEN(VLOOKUP(A23,'Species List'!$A:$G,2,FALSE))=0,"",VLOOKUP(A23,'Species List'!$A:$G,2,FALSE)) -> #N/A | C23: =IF(LEN(VLOOKUP(A23,'Species List'!$A:$G,3,FALSE))=0,"",VLOOKUP(A23,'Species List'!$A:$G,3,FALSE)) -> #N/A | D23: =VALUE(C23) -> #N/A | E23: =IF(LEN(VLOOKUP(A23,'Species List'!$A:$G,4,FALSE))=0,"",VLOOKUP(A23,'Species List'!$A:$G,4,FALSE)) -> #N/A | F23: =IF(LEN(VLOOKUP(A23,'Species List'!$A:$G,5,FALSE))=0,"",VLOOKUP(A23,'Species List'!$A:$G,5,FALSE)) -> #N/A | G23: =IF(LEN(VLOOKUP(A23,'Species List'!$A:$G,6,FALSE))=0,"",VLOOKUP(A23,'Species List'!$A:$G,6,FALSE)) -> #N/A | H23: =VLOOKUP(A23,'Species List'!$A:$G,7,FALSE) -> #N/A | K23: =VLOOKUP(J23,'Species List'!$H$1:$J$9,2,FALSE) -> #N/A | L23: =VLOOKUP(K23,'Species List'!$I$1:$N$8,2,FALSE) -> #N/A | M23: =VALUE(L23) -> #N/A | N23: =L23/$L$153 -> #N/A | O23: =D23*N23 -> #N/A
B24: =IF(LEN(VLOOKUP(A24,'Species List'!$A:$G,2,FALSE))=0,"",VLOOKUP(A24,'Species List'!$A:$G,2,FALSE)) -> #N/A | C24: =IF(LEN(VLOOKUP(A24,'Species List'!$A:$G,3,FALSE))=0,"",VLOOKUP(A24,'Species List'!$A:$G,3,FALSE)) -> #N/A | D24: =VALUE(C24) -> #N/A | E24: =IF(LEN(VLOOKUP(A24,'Species List'!$A:$G,4,FALSE))=0,"",VLOOKUP(A24,'Species List'!$A:$G,4,FALSE)) -> #N/A | F24: =IF(LEN(VLOOKUP(A24,'Species List'!$A:$G,5,FALSE))=0,"",VLOOKUP(A24,'Species List'!$A:$G,5,FALSE)) -> #N/A | G24: =IF(LEN(VLOOKUP(A24,'Species List'!$A:$G,6,FALSE))=0,"",VLOOKUP(A24,'Species List'!$A:$G,6,FALSE)) -> #N/A | H24: =VLOOKUP(A24,'Species List'!$A:$G,7,FALSE) -> #N/A | K24: =VLOOKUP(J24,'Species List'!$H$1:$J$9,2,FALSE) -> #N/A | L24: =VLOOKUP(K24,'Species List'!$I$1:$N$8,2,FALSE) -> #N/A | M24: =VALUE(L24) -> #N/A | N24: =L24/$L$153 -> #N/A | O24: =D24*N24 -> #N/A
B25: =IF(LEN(VLOOKUP(A25,'Species List'!$A:$G,2,FALSE))=0,"",VLOOKUP(A25,'Species List'!$A:$G,2,FALSE)) -> #N/A | C25: =IF(LEN(VLOOKUP(A25,'Species List'!$A:$G,3,FALSE))=0,"",VLOOKUP(A25,'Species List'!$A:$G,3,FALSE)) -> #N/A | D25: =VALUE(C25) -> #N/A | E25: =IF(LEN(VLOOKUP(A25,'Species List'!$A:$G,4,FALSE))=0,"",VLOOKUP(A25,'Species List'!$A:$G,4,FALSE)) -> #N/A | F25: =IF(LEN(VLOOKUP(A25,'Species List'!$A:$G,5,FALSE))=0,"",VLOOKUP(A25,'Species List'!$A:$G,5,FALSE)) -> #N/A | G25: =IF(LEN(VLOOKUP(A25,'Species List'!$A:$G,6,FALSE))=0,"",VLOOKUP(A25,'Species List'!$A:$G,6,FALSE)) -> #N/A | H25: =VLOOKUP(A25,'Species List'!$A:$G,7,FALSE) -> #N/A | K25: =VLOOKUP(J25,'Species List'!$H$1:$J$9,2,FALSE) -> #N/A | L25: =VLOOKUP(K25,'Species List'!$I$1:$N$8,2,FALSE) -> #N/A | M25: =VALUE(L25) -> #N/A | N25: =L25/$L$153 -> #N/A | O25: =D25*N25 -> #N/A
B26: =IF(LEN(VLOOKUP(A26,'Species List'!$A:$G,2,FALSE))=0,"",VLOOKUP(A26,'Species List'!$A:$G,2,FALSE)) -> #N/A | C26: =IF(LEN(VLOOKUP(A26,'Species List'!$A:$G,3,FALSE))=0,"",VLOOKUP(A26,'Species List'!$A:$G,3,FALSE)) -> #N/A | D26: =VALUE(C26) -> #N/A | E26: =IF(LEN(VLOOKUP(A26,'Species List'!$A:$G,4,FALSE))=0,"",VLOOKUP(A26,'Species List'!$A:$G,4,FALSE)) -> #N/A | F26: =IF(LEN(VLOOKUP(A26,'Species List'!$A:$G,5,FALSE))=0,"",VLOOKUP(A26,'Species List'!$A:$G,5,FALSE)) -> #N/A | G26: =IF(LEN(VLOOKUP(A26,'Species List'!$A:$G,6,FALSE))=0,"",VLOOKUP(A26,'Species List'!$A:$G,6,FALSE)) -> #N/A | H26: =VLOOKUP(A26,'Species List'!$A:$G,7,FALSE) -> #N/A | K26: =VLOOKUP(J26,'Species List'!$H$1:$J$9,2,FALSE) -> #N/A | L26: =VLOOKUP(K26,'Species List'!$I$1:$N$8,2,FALSE) -> #N/A | M26: =VALUE(L26) -> #N/A | N26: =L26/$L$153 -> #N/A | O26: =D26*N26 -> #N/A
B27: =IF(LEN(VLOOKUP(A27,'Species List'!$A:$G,2,FALSE))=0,"",VLOOKUP(A27,'Species List'!$A:$G,2,FALSE)) -> #N/A | C27: =IF(LEN(VLOOKUP(A27,'Species List'!$A:$G,3,FALSE))=0,"",VLOOKUP(A27,'Species List'!$A:$G,3,FALSE)) -> #N/A | D27: =VALUE(C27) -> #N/A | E27: =IF(LEN(VLOOKUP(A27,'Species List'!$A:$G,4,FALSE))=0,"",VLOOKUP(A27,'Species List'!$A:$G,4,FALSE)) -> #N/A | F27: =IF(LEN(VLOOKUP(A27,'Species List'!$A:$G,5,FALSE))=0,"",VLOOKUP(A27,'Species List'!$A:$G,5,FALSE)) -> #N/A | G27: =IF(LEN(VLOOKUP(A27,'Species List'!$A:$G,6,FALSE))=0,"",VLOOKUP(A27,'Species List'!$A:$G,6,FALSE)) -> #N/A | H27: =VLOOKUP(A27,'Species List'!$A:$G,7,FALSE) -> #N/A | K27: =VLOOKUP(J27,'Species List'!$H$1:$J$9,2,FALSE) -> #N/A | L27: =VLOOKUP(K27,'Species List'!$I$1:$N$8,2,FALSE) -> #N/A | M27: =VALUE(L27) -> #N/A | N27: =L27/$L$153 -> #N/A | O27: =D27*N27 -> #N/A
B28: =IF(LEN(VLOOKUP(A28,'Species List'!$A:$G,2,FALSE))=0,"",VLOOKUP(A28,'Species List'!$A:$G,2,FALSE)) -> #N/A | C28: =IF(LEN(VLOOKUP(A28,'Species List'!$A:$G,3,FALSE))=0,"",VLOOKUP(A28,'Species List'!$A:$G,3,FALSE)) -> #N/A | D28: =VALUE(C28) -> #N/A | E28: =IF(LEN(VLOOKUP(A28,'Species List'!$A:$G,4,FALSE))=0,"",VLOOKUP(A28,'Species List'!$A:$G,4,FALSE)) -> #N/A | F28: =IF(LEN(VLOOKUP(A28,'Species List'!$A:$G,5,FALSE))=0,"",VLOOKUP(A28,'Species List'!$A:$G,5,FALSE)) -> #N/A | G28: =IF(LEN(VLOOKUP(A28,'Species List'!$A:$G,6,FALSE))=0,"",VLOOKUP(A28,'Species List'!$A:$G,6,FALSE)) -> #N/A | H28: =VLOOKUP(A28,'Species List'!$A:$G,7,FALSE) -> #N/A | K28: =VLOOKUP(J28,'Species List'!$H$1:$J$9,2,FALSE) -> #N/A | L28: =VLOOKUP(K28,'Species List'!$I$1:$N$8,2,FALSE) -> #N/A | M28: =VALUE(L28) -> #N/A | N28: =L28/$L$153 -> #N/A | O28: =D28*N28 -> #N/A
B29: =IF(LEN(VLOOKUP(A29,'Species List'!$A:$G,2,FALSE))=0,"",VLOOKUP(A29,'Species List'!$A:$G,2,FALSE)) -> #N/A | C29: =IF(LEN(VLOOKUP(A29,'Species List'!$A:$G,3,FALSE))=0,"",VLOOKUP(A29,'Species List'!$A:$G,3,FALSE)) -> #N/A | D29: =VALUE(C29) -> #N/A | E29: =IF(LEN(VLOOKUP(A29,'Species List'!$A:$G,4,FALSE))=0,"",VLOOKUP(A29,'Species List'!$A:$G,4,FALSE)) -> #N/A | F29: =IF(LEN(VLOOKUP(A29,'Species List'!$A:$G,5,FALSE))=0,"",VLOOKUP(A29,'Species List'!$A:$G,5,FALSE)) -> #N/A | G29: =IF(LEN(VLOOKUP(A29,'Species List'!$A:$G,6,FALSE))=0,"",VLOOKUP(A29,'Species List'!$A:$G,6,FALSE)) -> #N/A | H29: =VLOOKUP(A29,'Species List'!$A:$G,7,FALSE) -> #N/A | K29: =VLOOKUP(J29,'Species List'!$H$1:$J$9,2,FALSE) -> #N/A | L29: =VLOOKUP(K29,'Species List'!$I$1:$N$8,2,FALSE) -> #N/A | M29: =VALUE(L29) -> #N/A | N29: =L29/$L$153 -> #N/A | O29: =D29*N29 -> #N/A
B30: =IF(LEN(VLOOKUP(A30,'Species List'!$A:$G,2,FALSE))=0,"",VLOOKUP(A30,'Species List'!$A:$G,2,FALSE)) -> #N/A | C30: =IF(LEN(VLOOKUP(A30,'Species List'!$A:$G,3,FALSE))=0,"",VLOOKUP(A30,'Species List'!$A:$G,3,FALSE)) -> #N/A | D30: =VALUE(C30) -> #N/A | E30: =IF(LEN(VLOOKUP(A30,'Species List'!$A:$G,4,FALSE))=0,"",VLOOKUP(A30,'Species List'!$A:$G,4,FALSE)) -> #N/A | F30: =IF(LEN(VLOOKUP(A30,'Species List'!$A:$G,5,FALSE))=0,"",VLOOKUP(A30,'Species List'!$A:$G,5,FALSE)) -> #N/A | G30: =IF(LEN(VLOOKUP(A30,'Species List'!$A:$G,6,FALSE))=0,"",VLOOKUP(A30,'Species List'!$A:$G,6,FALSE)) -> #N/A | H30: =VLOOKUP(A30,'Species List'!$A:$G,7,FALSE) -> #N/A | K30: =VLOOKUP(J30,'Species List'!$H$1:$J$9,2,FALSE) -> #N/A | L30: =VLOOKUP(K30,'Species List'!$I$1:$N$8,2,FALSE) -> #N/A | M30: =VALUE(L30) -> #N/A | N30: =L30/$L$153 -> #N/A | O30: =D30*N30 -> #N/A
B31: =IF(LEN(VLOOKUP(A31,'Species List'!$A:$G,2,FALSE))=0,"",VLOOKUP(A31,'Species List'!$A:$G,2,FALSE)) -> #N/A | C31: =IF(LEN(VLOOKUP(A31,'Species List'!$A:$G,3,FALSE))=0,"",VLOOKUP(A31,'Species List'!$A:$G,3,FALSE)) -> #N/A | D31: =VALUE(C31) -> #N/A | E31: =IF(LEN(VLOOKUP(A31,'Species List'!$A:$G,4,FALSE))=0,"",VLOOKUP(A31,'Species List'!$A:$G,4,FALSE)) -> #N/A | F31: =IF(LEN(VLOOKUP(A31,'Species List'!$A:$G,5,FALSE))=0,"",VLOOKUP(A31,'Species List'!$A:$G,5,FALSE)) -> #N/A | G31: =IF(LEN(VLOOKUP(A31,'Species List'!$A:$G,6,FALSE))=0,"",VLOOKUP(A31,'Species List'!$A:$G,6,FALSE)) -> #N/A | H31: =VLOOKUP(A31,'Species List'!$A:$G,7,FALSE) -> #N/A | K31: =VLOOKUP(J31,'Species List'!$H$1:$J$9,2,FALSE) -> #N/A | L31: =VLOOKUP(K31,'Species List'!$I$1:$N$8,2,FALSE) -> #N/A | M31: =VALUE(L31) -> #N/A | N31: =L31/$L$153 -> #N/A | O31: =D31*N31 -> #N/A
B32: =IF(LEN(VLOOKUP(A32,'Species List'!$A:$G,2,FALSE))=0,"",VLOOKUP(A32,'Species List'!$A:$G,2,FALSE)) -> #N/A | C32: =IF(LEN(VLOOKUP(A32,'Species List'!$A:$G,3,FALSE))=0,"",VLOOKUP(A32,'Species List'!$A:$G,3,FALSE)) -> #N/A | D32: =VALUE(C32) -> #N/A | E32: =IF(LEN(VLOOKUP(A32,'Species List'!$A:$G,4,FALSE))=0,"",VLOOKUP(A32,'Species List'!$A:$G,4,FALSE)) -> #N/A | F32: =IF(LEN(VLOOKUP(A32,'Species List'!$A:$G,5,FALSE))=0,"",VLOOKUP(A32,'Species List'!$A:$G,5,FALSE)) -> #N/A | G32: =IF(LEN(VLOOKUP(A32,'Species List'!$A:$G,6,FALSE))=0,"",VLOOKUP(A32,'Species List'!$A:$G,6,FALSE)) -> #N/A | H32: =VLOOKUP(A32,'Species List'!$A:$G,7,FALSE) -> #N/A | K32: =VLOOKUP(J32,'Species List'!$H$1:$J$9,2,FALSE) -> #N/A | L32: =VLOOKUP(K32,'Species List'!$I$1:$N$8,2,FALSE) -> #N/A | M32: =VALUE(L32) -> #N/A | N32: =L32/$L$153 -> #N/A | O32: =D32*N32 -> #N/A
... B152: =IF(LEN(VLOOKUP(A152,'Species List'!$A:$G,2,FALSE))=0,"",VLOOKUP(A152,'Species List'!$A:$G,2,FALSE)) -> #N/A | C152: =IF(LEN(VLOOKUP(A152,'Species List'!$A:$G,3,FALSE))=0,"",VLOOKUP(A152,'Species List'!$A:$G,3,FALSE)) -> #N/A | D152: =VALUE(C152) -> #N/A | E152: =IF(LEN(VLOOKUP(A152,'Species List'!$A:$G,4,FALSE))=0,"",VLOOKUP(A152,'Species List'!$A:$G,4,FALSE)) -> #N/A | F152: =IF(LEN(VLOOKUP(A152,'Species List'!$A:$G,5,FALSE))=0,"",VLOOKUP(A152,'Species List'!$A:$G,5,FALSE)) -> #N/A | G152: =IF(LEN(VLOOKUP(A152,'Species List'!$A:$G,6,FALSE))=0,"",VLOOKUP(A152,'Species List'!$A:$G,6,FALSE)) -> #N/A | H152: =VLOOKUP(A152,'Species List'!$A:$G,7,FALSE) -> #N/A | K152: =VLOOKUP(J152,'Species List'!$H$1:$J$9,2,FALSE) -> #N/A | L152: =VLOOKUP(K152,'Species List'!$I$1:$N$8,2,FALSE) -> #N/A | M152: =VALUE(L152) -> #N/A | N152: =L152/$L$153 -> #N/A | O152: =D152*N152 -> #N/A
I153: Total Midpoint % Cover: | L153: =SUMIF(L12:L152,">=0") -> 79

Sheet Forbs
A1: DAKOTA COUNTY VEGETATION DATA SHEET
A2: Releve Name:
A3: Surveyor's Name:
A4: MN County:
A5: Date:
A6: GPS:
A7: Plant Community:
A9: Scientific Name | B9: Common Name | C9: --> | D9: C Value | E9: Physiognamy | F9: MN Nativity | G9: MNWI | H9: Rarity Status | I9: ID | J9: CC | K9: CC Range | L9: --> | M9: Midpoint CC | N9: p | O9: pC
A10: H1-3p
A12: Helianthus pauciflorus | B12: =IF(LEN(VLOOKUP(A12,'Species List'!$A:$G,2,FALSE))=0,"",VLOOKUP(A12,'Species List'!$A:$G,2,FALSE)) -> stiff sunflower | C12: =IF(LEN(VLOOKUP(A12,'Species List'!$A:$G,3,FALSE))=0,"",VLOOKUP(A12,'Species List'!$A:$G,3,FALSE)) -> 7 | D12: =VALUE(C12) -> 7 | E12: =IF(LEN(VLOOKUP(A12,'Species List'!$A:$G,4,FALSE))=0,"",VLOOKUP(A12,'Species List'!$A:$G,4,FALSE)) -> H | F12: =IF(LEN(VLOOKUP(A12,'Species List'!$A:$G,5,FALSE))=0,"",VLOOKUP(A12,'Species List'!$A:$G,5,FALSE)) -> Native | G12: =IF(LEN(VLOOKUP(A12,'Species List'!$A:$G,6,FALSE))=0,"",VLOOKUP(A12,'Species List'!$A:$G,6,FALSE)) | H12: =VLOOKUP(A12,'Species List'!$A:$G,7,FALSE) -> 0 | J12: 3 | K12: =VLOOKUP(J12,'Species List'!$H$1:$J$9,2,FALSE) -> >25-50% | L12: =VLOOKUP(K12,'Species List'!$I$1:$N$8,2,FALSE) -> 37.5 | M12: =VALUE(L12) -> 37.5 | N12: =L12/$L$153 -> 0.31380753 | O12: =D12*N12 -> 2.1966527
A13: Amorpha canescens | B13: =IF(LEN(VLOOKUP(A13,'Species List'!$A:$G,2,FALSE))=0,"",VLOOKUP(A13,'Species List'!$A:$G,2,FALSE)) -> leadplant | C13: =IF(LEN(VLOOKUP(A13,'Species List'!$A:$G,3,FALSE))=0,"",VLOOKUP(A13,'Species List'!$A:$G,3,FALSE)) -> 7 | D13: =VALUE(C13) -> 7 | E13: =IF(LEN(VLOOKUP(A13,'Species List'!$A:$G,4,FALSE))=0,"",VLOOKUP(A13,'Species List'!$A:$G,4,FALSE)) -> D | F13: =IF(LEN(VLOOKUP(A13,'Species List'!$A:$G,5,FALSE))=0,"",VLOOKUP(A13,'Species List'!$A:$G,5,FALSE)) -> Native | G13: =IF(LEN(VLOOKUP(A13,'Species List'!$A:$G,6,FALSE))=0,"",VLOOKUP(A13,'Species List'!$A:$G,6,FALSE)) | H13: =VLOOKUP(A13,'Species List'!$A:$G,7,FALSE) -> 0 | J13: 2 | K13: =VLOOKUP(J13,'Species List'!$H$1:$J$9,2,FALSE) -> >5-25% | L13: =VLOOKUP(K13,'Species List'!$I$1:$N$8,2,FALSE) -> 15 | M13: =VALUE(L13) -> 15 | N13: =L13/$L$153 -> 0.12552301 | O13: =D13*N13 -> 0.87866109
A14: Euphorbia corollata | B14: =IF(LEN(VLOOKUP(A14,'Species List'!$A:$G,2,FALSE))=0,"",VLOOKUP(A14,'Species List'!$A:$G,2,FALSE)) | C14: =IF(LEN(VLOOKUP(A14,'Species List'!$A:$G,3,FALSE))=0,"",VLOOKUP(A14,'Species List'!$A:$G,3,FALSE)) -> 4 | D14: =VALUE(C14) -> 4 | E14: =IF(LEN(VLOOKUP(A14,'Species List'!$A:$G,4,FALSE))=0,"",VLOOKUP(A14,'Species List'!$A:$G,4,FALSE)) -> H | F14: =IF(LEN(VLOOKUP(A14,'Species List'!$A:$G,5,FALSE))=0,"",VLOOKUP(A14,'Species List'!$A:$G,5,FALSE)) -> Native | G14: =IF(LEN(VLOOKUP(A14,'Species List'!$A:$G,6,FALSE))=0,"",VLOOKUP(A14,'Species List'!$A:$G,6,FALSE)) | H14: =VLOOKUP(A14,'Species List'!$A:$G,7,FALSE) -> 0 | J14: + | K14: =VLOOKUP(J14,'Species List'!$H$1:$J$9,2,FALSE) -> >1-5% | L14: =VLOOKUP(K14,'Species List'!$I$1:$N$8,2,FALSE) -> 3 | M14: =VALUE(L14) -> 3 | N14: =L14/$L$153 -> 0.025104603 | O14: =D14*N14 -> 0.10041841
A15: Monarda fistulosa | B15: =IF(LEN(VLOOKUP(A15,'Species List'!$A:$G,2,FALSE))=0,"",VLOOKUP(A15,'Species List'!$A:$G,2,FALSE)) -> wild bergamot | C15: =IF(LEN(VLOOKUP(A15,'Species List'!$A:$G,3,FALSE))=0,"",VLOOKUP(A15,'Species List'!$A:$G,3,FALSE)) -> 3 | D15: =VALUE(C15) -> 3 | E15: =IF(LEN(VLOOKUP(A15,'Species List'!$A:$G,4,FALSE))=0,"",VLOOKUP(A15,'Species List'!$A:$G,4,FALSE)) -> H | F15: =IF(LEN(VLOOKUP(A15,'Species List'!$A:$G,5,FALSE))=0,"",VLOOKUP(A15,'Species List'!$A:$G,5,FALSE)) -> Native | G15: =IF(LEN(VLOOKUP(A15,'Species List'!$A:$G,6,FALSE))=0,"",VLOOKUP(A15,'Species List'!$A:$G,6,FALSE)) -> FACU | H15: =VLOOKUP(A15,'Species List'!$A:$G,7,FALSE) -> 0 | J15: + | K15: =VLOOKUP(J15,'Species List'!$H$1:$J$9,2,FALSE) -> >1-5% | L15: =VLOOKUP(K15,'Species List'!$I$1:$N$8,2,FALSE) -> 3 | M15: =VALUE(L15) -> 3 | N15: =L15/$L$153 -> 0.025104603 | O15: =D15*N15 -> 0.075313808
A16: Symphyotrichum pilosum | B16: =IF(LEN(VLOOKUP(A16,'Species List'!$A:$G,2,FALSE))=0,"",VLOOKUP(A16,'Species List'!$A:$G,2,FALSE)) -> awl aster | C16: =IF(LEN(VLOOKUP(A16,'Species List'!$A:$G,3,FALSE))=0,"",VLOOKUP(A16,'Species List'!$A:$G,3,FALSE)) -> 1 | D16: =VALUE(C16) -> 1 | E16: =IF(LEN(VLOOKUP(A16,'Species List'!$A:$G,4,FALSE))=0,"",VLOOKUP(A16,'Species List'!$A:$G,4,FALSE)) -> H | F16: =IF(LEN(VLOOKUP(A16,'Species List'!$A:$G,5,FALSE))=0,"",VLOOKUP(A16,'Species List'!$A:$G,5,FALSE)) -> Native | G16: =IF(LEN(VLOOKUP(A16,'Species List'!$A:$G,6,FALSE))=0,"",VLOOKUP(A16,'Species List'!$A:$G,6,FALSE)) -> FACU | H16: =VLOOKUP(A16,'Species List'!$A:$G,7,FALSE) -> W | J16: 1 | K16: =VLOOKUP(J16,'Species List'!$H$1:$J$9,2,FALSE) -> >1-5% | L16: =VLOOKUP(K16,'Species List'!$I$1:$N$8,2,FALSE) -> 3 | M16: =VALUE(L16) -> 3 | N16: =L16/$L$153 -> 0.025104603 | O16: =D16*N16 -> 0.025104603
A17: Berteroa incana | B17: =IF(LEN(VLOOKUP(A17,'Species List'!$A:$G,2,FALSE))=0,"",VLOOKUP(A17,'Species List'!$A:$G,2,FALSE)) -> hoary alyssum | C17: =IF(LEN(VLOOKUP(A17,'Species List'!$A:$G,3,FALSE))=0,"",VLOOKUP(A17,'Species List'!$A:$G,3,FALSE)) -> 0 | D17: =VALUE(C17) -> 0 | E17: =IF(LEN(VLOOKUP(A17,'Species List'!$A:$G,4,FALSE))=0,"",VLOOKUP(A17,'Species List'!$A:$G,4,FALSE)) -> H | F17: =IF(LEN(VLOOKUP(A17,'Species List'!$A:$G,5,FALSE))=0,"",VLOOKUP(A17,'Species List'!$A:$G,5,FALSE)) -> Introduced | G17: =IF(LEN(VLOOKUP(A17,'Species List'!$A:$G,6,FALSE))=0,"",VLOOKUP(A17,'Species List'!$A:$G,6,FALSE)) | H17: =VLOOKUP(A17,'Species List'!$A:$G,7,FALSE) -> 0 | J17: 1 | K17: =VLOOKUP(J17,'Species List'!$H$1:$J$9,2,FALSE) -> >1-5% | L17: =VLOOKUP(K17,'Species List'!$I$1:$N$8,2,FALSE) -> 3 | M17: =VALUE(L17) -> 3 | N17: =L17/$L$153 -> 0.025104603 | O17: =D17*N17 -> 0
A18: Achillea millefolium | B18: =IF(LEN(VLOOKUP(A18,'Species List'!$A:$G,2,FALSE))=0,"",VLOOKUP(A18,'Species List'!$A:$G,2,FALSE)) -> common yarrow | C18: =IF(LEN(VLOOKUP(A18,'Species List'!$A:$G,3,FALSE))=0,"",VLOOKUP(A18,'Species List'!$A:$G,3,FALSE)) -> 1 | D18: =VALUE(C18) -> 1 | E18: =IF(LEN(VLOOKUP(A18,'Species List'!$A:$G,4,FALSE))=0,"",VLOOKUP(A18,'Species List'!$A:$G,4,FALSE)) -> H | F18: =IF(LEN(VLOOKUP(A18,'Species List'!$A:$G,5,FALSE))=0,"",VLOOKUP(A18,'Species List'!$A:$G,5,FALSE)) -> Native | G18: =IF(LEN(VLOOKUP(A18,'Species List'!$A:$G,6,FALSE))=0,"",VLOOKUP(A18,'Species List'!$A:$G,6,FALSE)) -> FACU | H18: =VLOOKUP(A18,'Species List'!$A:$G,7,FALSE) -> 0 | J18: 1 | K18: =VLOOKUP(J18,'Species List'!$H$1:$J$9,2,FALSE) -> >1-5% | L18: =VLOOKUP(K18,'Species List'!$I$1:$N$8,2,FALSE) -> 3 | M18: =VALUE(L18) -> 3 | N18: =L18/$L$153 -> 0.025104603 | O18: =D18*N18 -> 0.025104603
A19: Dalea purpurea | B19: =IF(LEN(VLOOKUP(A19,'Species List'!$A:$G,2,FALSE))=0,"",VLOOKUP(A19,'Species List'!$A:$G,2,FALSE)) | C19: =IF(LEN(VLOOKUP(A19,'Species List'!$A:$G,3,FALSE))=0,"",VLOOKUP(A19,'Species List'!$A:$G,3,FALSE)) -> 7 | D19: =VALUE(C19) -> 7 | E19: =IF(LEN(VLOOKUP(A19,'Species List'!$A:$G,4,FALSE))=0,"",VLOOKUP(A19,'Species List'!$A:$G,4,FALSE)) -> H | F19: =IF(LEN(VLOOKUP(A19,'Species List'!$A:$G,5,FALSE))=0,"",VLOOKUP(A19,'Species List'!$A:$G,5,FALSE)) -> Native | G19: =IF(LEN(VLOOKUP(A19,'Species List'!$A:$G,6,FALSE))=0,"",VLOOKUP(A19,'Species List'!$A:$G,6,FALSE)) | H19: =VLOOKUP(A19,'Species List'!$A:$G,7,FALSE) -> 0 | J19: 1 | K19: =VLOOKUP(J19,'Species List'!$H$1:$J$9,2,FALSE) -> >1-5% | L19: =VLOOKUP(K19,'Species List'!$I$1:$N$8,2,FALSE) -> 3 | M19: =VALUE(L19) -> 3 | N19: =L19/$L$153 -> 0.025104603 | O19: =D19*N19 -> 0.17573222
A20: Asclepias tuberosa | B20: =IF(LEN(VLOOKUP(A20,'Species List'!$A:$G,2,FALSE))=0,"",VLOOKUP(A20,'Species List'!$A:$G,2,FALSE)) | C20: =IF(LEN(VLOOKUP(A20,'Species List'!$A:$G,3,FALSE))=0,"",VLOOKUP(A20,'Species List'!$A:$G,3,FALSE)) -> 6 | D20: =VALUE(C20) -> 6 | E20: =IF(LEN(VLOOKUP(A20,'Species List'!$A:$G,4,FALSE))=0,"",VLOOKUP(A20,'Species List'!$A:$G,4,FALSE)) -> H | F20: =IF(LEN(VLOOKUP(A20,'Species List'!$A:$G,5,FALSE))=0,"",VLOOKUP(A20,'Species List'!$A:$G,5,FALSE)) -> Native | G20: =IF(LEN(VLOOKUP(A20,'Species List'!$A:$G,6,FALSE))=0,"",VLOOKUP(A20,'Species List'!$A:$G,6,FALSE)) | H20: =VLOOKUP(A20,'Species List'!$A:$G,7,FALSE) -> 0 | J20: 1 | K20: =VLOOKUP(J20,'Species List'!$H$1:$J$9,2,FALSE) -> >1-5% | L20: =VLOOKUP(K20,'Species List'!$I$1:$N$8,2,FALSE) -> 3 | M20: =VALUE(L20) -> 3 | N20: =L20/$L$153 -> 0.025104603 | O20: =D20*N20 -> 0.15062762
A21: Ambrosia artemisiifolia | B21: =IF(LEN(VLOOKUP(A21,'Species List'!$A:$G,2,FALSE))=0,"",VLOOKUP(A21,'Species List'!$A:$G,2,FALSE)) -> common ragweed | C21: =IF(LEN(VLOOKUP(A21,'Species List'!$A:$G,3,FALSE))=0,"",VLOOKUP(A21,'Species List'!$A:$G,3,FALSE)) -> 0 | D21: =VALUE(C21) -> 0 | E21: =IF(LEN(VLOOKUP(A21,'Species List'!$A:$G,4,FALSE))=0,"",VLOOKUP(A21,'Species List'!$A:$G,4,FALSE)) -> H | F21: =IF(LEN(VLOOKUP(A21,'Species List'!$A:$G,5,FALSE))=0,"",VLOOKUP(A21,'Species List'!$A:$G,5,FALSE)) -> Native | G21: =IF(LEN(VLOOKUP(A21,'Species List'!$A:$G,6,FALSE))=0,"",VLOOKUP(A21,'Species List'!$A:$G,6,FALSE)) -> FACU | H21: =VLOOKUP(A21,'Species List'!$A:$G,7,FALSE) -> 0 | J21: 2 | K21: =VLOOKUP(J21,'Species List'!$H$1:$J$9,2,FALSE) -> >5-25% | L21: =VLOOKUP(K21,'Species List'!$I$1:$N$8,2,FALSE) -> 15 | M21: =VALUE(L21) -> 15 | N21: =L21/$L$153 -> 0.12552301 | O21: =D21*N21 -> 0
A22: Potentilla recta | B22: =IF(LEN(VLOOKUP(A22,'Species List'!$A:$G,2,FALSE))=0,"",VLOOKUP(A22,'Species List'!$A:$G,2,FALSE)) -> rough-fruited cinquefoil | C22: =IF(LEN(VLOOKUP(A22,'Species List'!$A:$G,3,FALSE))=0,"",VLOOKUP(A22,'Species List'!$A:$G,3,FALSE)) -> 0 | D22: =VALUE(C22) -> 0 | E22: =IF(LEN(VLOOKUP(A22,'Species List'!$A:$G,4,FALSE))=0,"",VLOOKUP(A22,'Species List'!$A:$G,4,FALSE)) -> H | F22: =IF(LEN(VLOOKUP(A22,'Species List'!$A:$G,5,FALSE))=0,"",VLOOKUP(A22,'Species List'!$A:$G,5,FALSE)) -> Introduced | G22: =IF(LEN(VLOOKUP(A22,'Species List'!$A:$G,6,FALSE))=0,"",VLOOKUP(A22,'Species List'!$A:$G,6,FALSE)) | H22: =VLOOKUP(A22,'Species List'!$A:$G,7,FALSE) -> 0 | J22: 1 | K22: =VLOOKUP(J22,'Species List'!$H$1:$J$9,2,FALSE) -> >1-5% | L22: =VLOOKUP(K22,'Species List'!$I$1:$N$8,2,FALSE) -> 3 | M22: =VALUE(L22) -> 3 | N22: =L22/$L$153 -> 0.025104603 | O22: =D22*N22 -> 0
A23: Symphyotrichum ericoides | B23: =IF(LEN(VLOOKUP(A23,'Species List'!$A:$G,2,FALSE))=0,"",VLOOKUP(A23,'Species List'!$A:$G,2,FALSE)) -> heath aster | C23: =IF(LEN(VLOOKUP(A23,'Species List'!$A:$G,3,FALSE))=0,"",VLOOKUP(A23,'Species List'!$A:$G,3,FALSE)) -> 4 | D23: =VALUE(C23) -> 4 | E23: =IF(LEN(VLOOKUP(A23,'Species List'!$A:$G,4,FALSE))=0,"",VLOOKUP(A23,'Species List'!$A:$G,4,FALSE)) -> H | F23: =IF(LEN(VLOOKUP(A23,'Species List'!$A:$G,5,FALSE))=0,"",VLOOKUP(A23,'Species List'!$A:$G,5,FALSE)) -> Native | G23: =IF(LEN(VLOOKUP(A23,'Species List'!$A:$G,6,FALSE))=0,"",VLOOKUP(A23,'Species List'!$A:$G,6,FALSE)) -> [FAC-] | H23: =VLOOKUP(A23,'Species List'!$A:$G,7,FALSE) -> 0 | J23: 1 | K23: =VLOOKUP(J23,'Species List'!$H$1:$J$9,2,FALSE) -> >1-5% | L23: =VLOOKUP(K23,'Species List'!$I$1:$N$8,2,FALSE) -> 3 | M23: =VALUE(L23) -> 3 | N23: =L23/$L$153 -> 0.025104603 | O23: =D23*N23 -> 0.10041841
A24: Apocynum cannabinum | B24: =IF(LEN(VLOOKUP(A24,'Species List'!$A:$G,2,FALSE))=0,"",VLOOKUP(A24,'Species List'!$A:$G,2,FALSE)) -> American hemp | C24: =IF(LEN(VLOOKUP(A24,'Species List'!$A:$G,3,FALSE))=0,"",VLOOKUP(A24,'Species List'!$A:$G,3,FALSE)) -> 3 | D24: =VALUE(C24) -> 3 | E24: =IF(LEN(VLOOKUP(A24,'Species List'!$A:$G,4,FALSE))=0,"",VLOOKUP(A24,'Species List'!$A:$G,4,FALSE)) -> H | F24: =IF(LEN(VLOOKUP(A24,'Species List'!$A:$G,5,FALSE))=0,"",VLOOKUP(A24,'Species List'!$A:$G,5,FALSE)) -> Native | G24: =IF(LEN(VLOOKUP(A24,'Species List'!$A:$G,6,FALSE))=0,"",VLOOKUP(A24,'Species List'!$A:$G,6,FALSE)) -> FAC | H24: =VLOOKUP(A24,'Species List'!$A:$G,7,FALSE) -> 0 | J24: + | K24: =VLOOKUP(J24,'Species List'!$H$1:$J$9,2,FALSE) -> >1-5% | L24: =VLOOKUP(K24,'Species List'!$I$1:$N$8,2,FALSE) -> 3 | M24: =VALUE(L24) -> 3 | N24: =L24/$L$153 -> 0.025104603 | O24: =D24*N24 -> 0.075313808
A25: Oxalis stricta | B25: =IF(LEN(VLOOKUP(A25,'Species List'!$A:$G,2,FALSE))=0,"",VLOOKUP(A25,'Species List'!$A:$G,2,FALSE)) -> yellow wood sorrel | C25: =IF(LEN(VLOOKUP(A25,'Species List'!$A:$G,3,FALSE))=0,"",VLOOKUP(A25,'Species List'!$A:$G,3,FALSE)) -> 0 | D25: =VALUE(C25) -> 0 | E25: =IF(LEN(VLOOKUP(A25,'Species List'!$A:$G,4,FALSE))=0,"",VLOOKUP(A25,'Species List'!$A:$G,4,FALSE)) -> H | F25: =IF(LEN(VLOOKUP(A25,'Species List'!$A:$G,5,FALSE))=0,"",VLOOKUP(A25,'Species List'!$A:$G,5,FALSE)) -> Native | G25: =IF(LEN(VLOOKUP(A25,'Species List'!$A:$G,6,FALSE))=0,"",VLOOKUP(A25,'Species List'!$A:$G,6,FALSE)) -> [FACU] | H25: =VLOOKUP(A25,'Species List'!$A:$G,7,FALSE) -> 0 | J25: + | K25: =VLOOKUP(J25,'Species List'!$H$1:$J$9,2,FALSE) -> >1-5% | L25: =VLOOKUP(K25,'Species List'!$I$1:$N$8,2,FALSE) -> 3 | M25: =VALUE(L25) -> 3 | N25: =L25/$L$153 -> 0.025104603 | O25: =D25*N25 -> 0
A26: Verbascum thapsus | B26: =IF(LEN(VLOOKUP(A26,'Species List'!$A:$G,2,FALSE))=0,"",VLOOKUP(A26,'Species List'!$A:$G,2,FALSE)) -> common mullein | C26: =IF(LEN(VLOOKUP(A26,'Species List'!$A:$G,3,FALSE))=0,"",VLOOKUP(A26,'Species List'!$A:$G,3,FALSE)) -> 0 | D26: =VALUE(C26) -> 0 | E26: =IF(LEN(VLOOKUP(A26,'Species List'!$A:$G,4,FALSE))=0,"",VLOOKUP(A26,'Species List'!$A:$G,4,FALSE)) -> H | F26: =IF(LEN(VLOOKUP(A26,'Species List'!$A:$G,5,FALSE))=0,"",VLOOKUP(A26,'Species List'!$A:$G,5,FALSE)) -> Introduced | G26: =IF(LEN(VLOOKUP(A26,'Species List'!$A:$G,6,FALSE))=0,"",VLOOKUP(A26,'Species List'!$A:$G,6,FALSE)) -> UPL | H26: =VLOOKUP(A26,'Species List'!$A:$G,7,FALSE) -> 0 | J26: r | K26: =VLOOKUP(J26,'Species List'!$H$1:$J$9,2,FALSE) -> >0-1% | L26: =VLOOKUP(K26,'Species List'!$I$1:$N$8,2,FALSE) -> 0.5 | M26: =VALUE(L26) -> 0.5 | N26: =L26/$L$153 -> 0.0041841004 | O26: =D26*N26 -> 0
A27: Aquilegia canadensis | B27: =IF(LEN(VLOOKUP(A27,'Species List'!$A:$G,2,FALSE))=0,"",VLOOKUP(A27,'Species List'!$A:$G,2,FALSE)) -> columbine | C27: =IF(LEN(VLOOKUP(A27,'Species List'!$A:$G,3,FALSE))=0,"",VLOOKUP(A27,'Species List'!$A:$G,3,FALSE)) -> 4 | D27: =VALUE(C27) -> 4 | E27: =IF(LEN(VLOOKUP(A27,'Species List'!$A:$G,4,FALSE))=0,"",VLOOKUP(A27,'Species List'!$A:$G,4,FALSE)) -> H | F27: =IF(LEN(VLOOKUP(A27,'Species List'!$A:$G,5,FALSE))=0,"",VLOOKUP(A27,'Species List'!$A:$G,5,FALSE)) -> Native | G27: =IF(LEN(VLOOKUP(A27,'Species List'!$A:$G,6,FALSE))=0,"",VLOOKUP(A27,'Species List'!$A:$G,6,FALSE)) -> FAC- | H27: =VLOOKUP(A27,'Species List'!$A:$G,7,FALSE) -> 0 | J27: + | K27: =VLOOKUP(J27,'Species List'!$H$1:$J$9,2,FALSE) -> >1-5% | L27: =VLOOKUP(K27,'Species List'!$I$1:$N$8,2,FALSE) -> 3 | M27: =VALUE(L27) -> 3 | N27: =L27/$L$153 -> 0.025104603 | O27: =D27*N27 -> 0.10041841
A28: Prairie violet sp. | B28: =IF(LEN(VLOOKUP(A28,'Species List'!$A:$G,2,FALSE))=0,"",VLOOKUP(A28,'Species List'!$A:$G,2,FALSE)) -> #N/A | C28: 7 | D28: =VALUE(C28) -> 7 | E28: H | F28: Native | G28: =IF(LEN(VLOOKUP(A28,'Species List'!$A:$G,6,FALSE))=0,"",VLOOKUP(A28,'Species List'!$A:$G,6,FALSE)) -> #N/A | H28: =VLOOKUP(A28,'Species List'!$A:$G,7,FALSE) -> #N/A | J28: + | K28: =VLOOKUP(J28,'Species List'!$H$1:$J$9,2,FALSE) -> >1-5% | L28: =VLOOKUP(K28,'Species List'!$I$1:$N$8,2,FALSE) -> 3 | M28: =VALUE(L28) -> 3 | N28: =L28/$L$153 -> 0.025104603 | O28: =D28*N28 -> 0.17573222
A29: Coreopsis palmata | B29: =IF(LEN(VLOOKUP(A29,'Species List'!$A:$G,2,FALSE))=0,"",VLOOKUP(A29,'Species List'!$A:$G,2,FALSE)) -> bird's foot coreopsis | C29: =IF(LEN(VLOOKUP(A29,'Species List'!$A:$G,3,FALSE))=0,"",VLOOKUP(A29,'Species List'!$A:$G,3,FALSE)) -> 8 | D29: =VALUE(C29) -> 8 | E29: =IF(LEN(VLOOKUP(A29,'Species List'!$A:$G,4,FALSE))=0,"",VLOOKUP(A29,'Species List'!$A:$G,4,FALSE)) -> H | F29: =IF(LEN(VLOOKUP(A29,'Species List'!$A:$G,5,FALSE))=0,"",VLOOKUP(A29,'Species List'!$A:$G,5,FALSE)) -> Native | G29: =IF(LEN(VLOOKUP(A29,'Species List'!$A:$G,6,FALSE))=0,"",VLOOKUP(A29,'Species List'!$A:$G,6,FALSE)) | H29: =VLOOKUP(A29,'Species List'!$A:$G,7,FALSE) -> 0 | J29: 1 | K29: =VLOOKUP(J29,'Species List'!$H$1:$J$9,2,FALSE) -> >1-5% | L29: =VLOOKUP(K29,'Species List'!$I$1:$N$8,2,FALSE) -> 3 | M29: =VALUE(L29) -> 3 | N29: =L29/$L$153 -> 0.025104603 | O29: =D29*N29 -> 0.20083682
A30: Solidago altissima | B30: =IF(LEN(VLOOKUP(A30,'Species List'!$A:$G,2,FALSE))=0,"",VLOOKUP(A30,'Species List'!$A:$G,2,FALSE)) -> late goldenrod | C30: =IF(LEN(VLOOKUP(A30,'Species List'!$A:$G,3,FALSE))=0,"",VLOOKUP(A30,'Species List'!$A:$G,3,FALSE)) -> 1 | D30: =VALUE(C30) -> 1 | E30: =IF(LEN(VLOOKUP(A30,'Species List'!$A:$G,4,FALSE))=0,"",VLOOKUP(A30,'Species List'!$A:$G,4,FALSE)) -> H | F30: =IF(LEN(VLOOKUP(A30,'Species List'!$A:$G,5,FALSE))=0,"",VLOOKUP(A30,'Species List'!$A:$G,5,FALSE)) -> Native | G30: =IF(LEN(VLOOKUP(A30,'Species List'!$A:$G,6,FALSE))=0,"",VLOOKUP(A30,'Species List'!$A:$G,6,FALSE)) -> FACU | H30: =VLOOKUP(A30,'Species List'!$A:$G,7,FALSE) -> 0 | J30: + | K30: =VLOOKUP(J30,'Species List'!$H$1:$J$9,2,FALSE) -> >1-5% | L30: =VLOOKUP(K30,'Species List'!$I$1:$N$8,2,FALSE) -> 3 | M30: =VALUE(L30) -> 3 | N30: =L30/$L$153 -> 0.025104603 | O30: =D30*N30 -> 0.025104603
A31: Taraxacum officinale | B31: =IF(LEN(VLOOKUP(A31,'Species List'!$A:$G,2,FALSE))=0,"",VLOOKUP(A31,'Species List'!$A:$G,2,FALSE)) -> common dandelion | C31: =IF(LEN(VLOOKUP(A31,'Species List'!$A:$G,3,FALSE))=0,"",VLOOKUP(A31,'Species List'!$A:$G,3,FALSE)) -> 0 | D31: =VALUE(C31) -> 0 | E31: =IF(LEN(VLOOKUP(A31,'Species List'!$A:$G,4,FALSE))=0,"",VLOOKUP(A31,'Species List'!$A:$G,4,FALSE)) -> H | F31: =IF(LEN(VLOOKUP(A31,'Species List'!$A:$G,5,FALSE))=0,"",VLOOKUP(A31,'Species List'!$A:$G,5,FALSE)) -> Introduced | G31: =IF(LEN(VLOOKUP(A31,'Species List'!$A:$G,6,FALSE))=0,"",VLOOKUP(A31,'Species List'!$A:$G,6,FALSE)) -> FACU | H31: =VLOOKUP(A31,'Species List'!$A:$G,7,FALSE) -> 0 | J31: + | K31: =VLOOKUP(J31,'Species List'!$H$1:$J$9,2,FALSE) -> >1-5% | L31: =VLOOKUP(K31,'Species List'!$I$1:$N$8,2,FALSE) -> 3 | M31: =VALUE(L31) -> 3 | N31: =L31/$L$153 -> 0.025104603 | O31: =D31*N31 -> 0
A32: Agrimonia striata | B32: =IF(LEN(VLOOKUP(A32,'Species List'!$A:$G,2,FALSE))=0,"",VLOOKUP(A32,'Species List'!$A:$G,2,FALSE)) -> roadside agrimony | C32: =IF(LEN(VLOOKUP(A32,'Species List'!$A:$G,3,FALSE))=0,"",VLOOKUP(A32,'Species List'!$A:$G,3,FALSE)) -> 3 | D32: =VALUE(C32) -> 3 | E32: =IF(LEN(VLOOKUP(A32,'Species List'!$A:$G,4,FALSE))=0,"",VLOOKUP(A32,'Species List'!$A:$G,4,FALSE)) -> H | F32: =IF(LEN(VLOOKUP(A32,'Species List'!$A:$G,5,FALSE))=0,"",VLOOKUP(A32,'Species List'!$A:$G,5,FALSE)) -> Native | G32: =IF(LEN(VLOOKUP(A32,'Species List'!$A:$G,6,FALSE))=0,"",VLOOKUP(A32,'Species List'!$A:$G,6,FALSE)) -> FAC- | H32: =VLOOKUP(A32,'Species List'!$A:$G,7,FALSE) -> 0 | J32: r | K32: =VLOOKUP(J32,'Species List'!$H$1:$J$9,2,FALSE) -> >0-1% | L32: =VLOOKUP(K32,'Species List'!$I$1:$N$8,2,FALSE) -> 0.5 | M32: =VALUE(L32) -> 0.5 | N32: =L32/$L$153 -> 0.0041841004 | O32: =D32*N32 -> 0.012552301
A33: Artemisia ludoviciana | B33: =IF(LEN(VLOOKUP(A33,'Species List'!$A:$G,2,FALSE))=0,"",VLOOKUP(A33,'Species List'!$A:$G,2,FALSE)) | C33: =IF(LEN(VLOOKUP(A33,'Species List'!$A:$G,3,FALSE))=0,"",VLOOKUP(A33,'Species List'!$A:$G,3,FALSE)) -> 3 | D33: =VALUE(C33) -> 3 | E33: =IF(LEN(VLOOKUP(A33,'Species List'!$A:$G,4,FALSE))=0,"",VLOOKUP(A33,'Species List'!$A:$G,4,FALSE)) -> H | F33: =IF(LEN(VLOOKUP(A33,'Species List'!$A:$G,5,FALSE))=0,"",VLOOKUP(A33,'Species List'!$A:$G,5,FALSE)) -> Native | G33: =IF(LEN(VLOOKUP(A33,'Species List'!$A:$G,6,FALSE))=0,"",VLOOKUP(A33,'Species List'!$A:$G,6,FALSE)) -> UPL | H33: =VLOOKUP(A33,'Species List'!$A:$G,7,FALSE) -> 0 | J33: + | K33: =VLOOKUP(J33,'Species List'!$H$1:$J$9,2,FALSE) -> >1-5% | L33: =VLOOKUP(K33,'Species List'!$I$1:$N$8,2,FALSE) -> 3 | M33: =VALUE(L33) -> 3 | N33: =L33/$L$153 -> 0.025104603 | O33: =D33*N33 -> 0.075313808
B34: =IF(LEN(VLOOKUP(A34,'Species List'!$A:$G,2,FALSE))=0,"",VLOOKUP(A34,'Species List'!$A:$G,2,FALSE)) -> #N/A | C34: =IF(LEN(VLOOKUP(A34,'Species List'!$A:$G,3,FALSE))=0,"",VLOOKUP(A34,'Species List'!$A:$G,3,FALSE)) -> #N/A | D34: =VALUE(C34) -> #N/A | E34: =IF(LEN(VLOOKUP(A34,'Species List'!$A:$G,4,FALSE))=0,"",VLOOKUP(A34,'Species List'!$A:$G,4,FALSE)) -> #N/A | F34: =IF(LEN(VLOOKUP(A34,'Species List'!$A:$G,5,FALSE))=0,"",VLOOKUP(A34,'Species List'!$A:$G,5,FALSE)) -> #N/A | G34: =IF(LEN(VLOOKUP(A34,'Species List'!$A:$G,6,FALSE))=0,"",VLOOKUP(A34,'Species List'!$A:$G,6,FALSE)) -> #N/A | H34: =VLOOKUP(A34,'Species List'!$A:$G,7,FALSE) -> #N/A | K34: =VLOOKUP(J34,'Species List'!$H$1:$J$9,2,FALSE) -> #N/A | L34: =VLOOKUP(K34,'Species List'!$I$1:$N$8,2,FALSE) -> #N/A | M34: =VALUE(L34) -> #N/A | N34: =L34/$L$153 -> #N/A | O34: =D34*N34 -> #N/A
B35: =IF(LEN(VLOOKUP(A35,'Species List'!$A:$G,2,FALSE))=0,"",VLOOKUP(A35,'Species List'!$A:$G,2,FALSE)) -> #N/A | C35: =IF(LEN(VLOOKUP(A35,'Species List'!$A:$G,3,FALSE))=0,"",VLOOKUP(A35,'Species List'!$A:$G,3,FALSE)) -> #N/A | D35: =VALUE(C35) -> #N/A | E35: =IF(LEN(VLOOKUP(A35,'Species List'!$A:$G,4,FALSE))=0,"",VLOOKUP(A35,'Species List'!$A:$G,4,FALSE)) -> #N/A | F35: =IF(LEN(VLOOKUP(A35,'Species List'!$A:$G,5,FALSE))=0,"",VLOOKUP(A35,'Species List'!$A:$G,5,FALSE)) -> #N/A | G35: =IF(LEN(VLOOKUP(A35,'Species List'!$A:$G,6,FALSE))=0,"",VLOOKUP(A35,'Species List'!$A:$G,6,FALSE)) -> #N/A | H35: =VLOOKUP(A35,'Species List'!$A:$G,7,FALSE) -> #N/A | K35: =VLOOKUP(J35,'Species List'!$H$1:$J$9,2,FALSE) -> #N/A | L35: =VLOOKUP(K35,'Species List'!$I$1:$N$8,2,FALSE) -> #N/A | M35: =VALUE(L35) -> #N/A | N35: =L35/$L$153 -> #N/A | O35: =D35*N35 -> #N/A
B36: =IF(LEN(VLOOKUP(A36,'Species List'!$A:$G,2,FALSE))=0,"",VLOOKUP(A36,'Species List'!$A:$G,2,FALSE)) -> #N/A | C36: =IF(LEN(VLOOKUP(A36,'Species List'!$A:$G,3,FALSE))=0,"",VLOOKUP(A36,'Species List'!$A:$G,3,FALSE)) -> #N/A | D36: =VALUE(C36) -> #N/A | E36: =IF(LEN(VLOOKUP(A36,'Species List'!$A:$G,4,FALSE))=0,"",VLOOKUP(A36,'Species List'!$A:$G,4,FALSE)) -> #N/A | F36: =IF(LEN(VLOOKUP(A36,'Species List'!$A:$G,5,FALSE))=0,"",VLOOKUP(A36,'Species List'!$A:$G,5,FALSE)) -> #N/A | G36: =IF(LEN(VLOOKUP(A36,'Species List'!$A:$G,6,FALSE))=0,"",VLOOKUP(A36,'Species List'!$A:$G,6,FALSE)) -> #N/A | H36: =VLOOKUP(A36,'Species List'!$A:$G,7,FALSE) -> #N/A | K36: =VLOOKUP(J36,'Species List'!$H$1:$J$9,2,FALSE) -> #N/A | L36: =VLOOKUP(K36,'Species List'!$I$1:$N$8,2,FALSE) -> #N/A | M36: =VALUE(L36) -> #N/A | N36: =L36/$L$153 -> #N/A | O36: =D36*N36 -> #N/A
B37: =IF(LEN(VLOOKUP(A37,'Species List'!$A:$G,2,FALSE))=0,"",VLOOKUP(A37,'Species List'!$A:$G,2,FALSE)) -> #N/A | C37: =IF(LEN(VLOOKUP(A37,'Species List'!$A:$G,3,FALSE))=0,"",VLOOKUP(A37,'Species List'!$A:$G,3,FALSE)) -> #N/A | D37: =VALUE(C37) -> #N/A | E37: =IF(LEN(VLOOKUP(A37,'Species List'!$A:$G,4,FALSE))=0,"",VLOOKUP(A37,'Species List'!$A:$G,4,FALSE)) -> #N/A | F37: =IF(LEN(VLOOKUP(A37,'Species List'!$A:$G,5,FALSE))=0,"",VLOOKUP(A37,'Species List'!$A:$G,5,FALSE)) -> #N/A | G37: =IF(LEN(VLOOKUP(A37,'Species List'!$A:$G,6,FALSE))=0,"",VLOOKUP(A37,'Species List'!$A:$G,6,FALSE)) -> #N/A | H37: =VLOOKUP(A37,'Species List'!$A:$G,7,FALSE) -> #N/A | K37: =VLOOKUP(J37,'Species List'!$H$1:$J$9,2,FALSE) -> #N/A | L37: =VLOOKUP(K37,'Species List'!$I$1:$N$8,2,FALSE) -> #N/A | M37: =VALUE(L37) -> #N/A | N37: =L37/$L$153 -> #N/A | O37: =D37*N37 -> #N/A
B38: =IF(LEN(VLOOKUP(A38,'Species List'!$A:$G,2,FALSE))=0,"",VLOOKUP(A38,'Species List'!$A:$G,2,FALSE)) -> #N/A | C38: =IF(LEN(VLOOKUP(A38,'Species List'!$A:$G,3,FALSE))=0,"",VLOOKUP(A38,'Species List'!$A:$G,3,FALSE)) -> #N/A | D38: =VALUE(C38) -> #N/A | E38: =IF(LEN(VLOOKUP(A38,'Species List'!$A:$G,4,FALSE))=0,"",VLOOKUP(A38,'Species List'!$A:$G,4,FALSE)) -> #N/A | F38: =IF(LEN(VLOOKUP(A38,'Species List'!$A:$G,5,FALSE))=0,"",VLOOKUP(A38,'Species List'!$A:$G,5,FALSE)) -> #N/A | G38: =IF(LEN(VLOOKUP(A38,'Species List'!$A:$G,6,FALSE))=0,"",VLOOKUP(A38,'Species List'!$A:$G,6,FALSE)) -> #N/A | H38: =VLOOKUP(A38,'Species List'!$A:$G,7,FALSE) -> #N/A | K38: =VLOOKUP(J38,'Species List'!$H$1:$J$9,2,FALSE) -> #N/A | L38: =VLOOKUP(K38,'Species List'!$I$1:$N$8,2,FALSE) -> #N/A | M38: =VALUE(L38) -> #N/A | N38: =L38/$L$153 -> #N/A | O38: =D38*N38 -> #N/A
B39: =IF(LEN(VLOOKUP(A39,'Species List'!$A:$G,2,FALSE))=0,"",VLOOKUP(A39,'Species List'!$A:$G,2,FALSE)) -> #N/A | C39: =IF(LEN(VLOOKUP(A39,'Species List'!$A:$G,3,FALSE))=0,"",VLOOKUP(A39,'Species List'!$A:$G,3,FALSE)) -> #N/A | D39: =VALUE(C39) -> #N/A | E39: =IF(LEN(VLOOKUP(A39,'Species List'!$A:$G,4,FALSE))=0,"",VLOOKUP(A39,'Species List'!$A:$G,4,FALSE)) -> #N/A | F39: =IF(LEN(VLOOKUP(A39,'Species List'!$A:$G,5,FALSE))=0,"",VLOOKUP(A39,'Species List'!$A:$G,5,FALSE)) -> #N/A | G39: =IF(LEN(VLOOKUP(A39,'Species List'!$A:$G,6,FALSE))=0,"",VLOOKUP(A39,'Species List'!$A:$G,6,FALSE)) -> #N/A | H39: =VLOOKUP(A39,'Species List'!$A:$G,7,FALSE) -> #N/A | K39: =VLOOKUP(J39,'Species List'!$H$1:$J$9,2,FALSE) -> #N/A | L39: =VLOOKUP(K39,'Species List'!$I$1:$N$8,2,FALSE) -> #N/A | M39: =VALUE(L39) -> #N/A | N39: =L39/$L$153 -> #N/A | O39: =D39*N39 -> #N/A
B40: =IF(LEN(VLOOKUP(A40,'Species List'!$A:$G,2,FALSE))=0,"",VLOOKUP(A40,'Species List'!$A:$G,2,FALSE)) -> #N/A | C40: =IF(LEN(VLOOKUP(A40,'Species List'!$A:$G,3,FALSE))=0,"",VLOOKUP(A40,'Species List'!$A:$G,3,FALSE)) -> #N/A | D40: =VALUE(C40) -> #N/A | E40: =IF(LEN(VLOOKUP(A40,'Species List'!$A:$G,4,FALSE))=0,"",VLOOKUP(A40,'Species List'!$A:$G,4,FALSE)) -> #N/A | F40: =IF(LEN(VLOOKUP(A40,'Species List'!$A:$G,5,FALSE))=0,"",VLOOKUP(A40,'Species List'!$A:$G,5,FALSE)) -> #N/A | G40: =IF(LEN(VLOOKUP(A40,'Species List'!$A:$G,6,FALSE))=0,"",VLOOKUP(A40,'Species List'!$A:$G,6,FALSE)) -> #N/A | H40: =VLOOKUP(A40,'Species List'!$A:$G,7,FALSE) -> #N/A | K40: =VLOOKUP(J40,'Species List'!$H$1:$J$9,2,FALSE) -> #N/A | L40: =VLOOKUP(K40,'Species List'!$I$1:$N$8,2,FALSE) -> #N/A | M40: =VALUE(L40) -> #N/A | N40: =L40/$L$153 -> #N/A | O40: =D40*N40 -> #N/A
B41: =IF(LEN(VLOOKUP(A41,'Species List'!$A:$G,2,FALSE))=0,"",VLOOKUP(A41,'Species List'!$A:$G,2,FALSE)) -> #N/A | C41: =IF(LEN(VLOOKUP(A41,'Species List'!$A:$G,3,FALSE))=0,"",VLOOKUP(A41,'Species List'!$A:$G,3,FALSE)) -> #N/A | D41: =VALUE(C41) -> #N/A | E41: =IF(LEN(VLOOKUP(A41,'Species List'!$A:$G,4,FALSE))=0,"",VLOOKUP(A41,'Species List'!$A:$G,4,FALSE)) -> #N/A | F41: =IF(LEN(VLOOKUP(A41,'Species List'!$A:$G,5,FALSE))=0,"",VLOOKUP(A41,'Species List'!$A:$G,5,FALSE)) -> #N/A | G41: =IF(LEN(VLOOKUP(A41,'Species List'!$A:$G,6,FALSE))=0,"",VLOOKUP(A41,'Species List'!$A:$G,6,FALSE)) -> #N/A | H41: =VLOOKUP(A41,'Species List'!$A:$G,7,FALSE) -> #N/A | K41: =VLOOKUP(J41,'Species List'!$H$1:$J$9,2,FALSE) -> #N/A | L41: =VLOOKUP(K41,'Species List'!$I$1:$N$8,2,FALSE) -> #N/A | M41: =VALUE(L41) -> #N/A | N41: =L41/$L$153 -> #N/A | O41: =D41*N41 -> #N/A
B42: =IF(LEN(VLOOKUP(A42,'Species List'!$A:$G,2,FALSE))=0,"",VLOOKUP(A42,'Species List'!$A:$G,2,FALSE)) -> #N/A | C42: =IF(LEN(VLOOKUP(A42,'Species List'!$A:$G,3,FALSE))=0,"",VLOOKUP(A42,'Species List'!$A:$G,3,FALSE)) -> #N/A | D42: =VALUE(C42) -> #N/A | E42: =IF(LEN(VLOOKUP(A42,'Species List'!$A:$G,4,FALSE))=0,"",VLOOKUP(A42,'Species List'!$A:$G,4,FALSE)) -> #N/A | F42: =IF(LEN(VLOOKUP(A42,'Species List'!$A:$G,5,FALSE))=0,"",VLOOKUP(A42,'Species List'!$A:$G,5,FALSE)) -> #N/A | G42: =IF(LEN(VLOOKUP(A42,'Species List'!$A:$G,6,FALSE))=0,"",VLOOKUP(A42,'Species List'!$A:$G,6,FALSE)) -> #N/A | H42: =VLOOKUP(A42,'Species List'!$A:$G,7,FALSE) -> #N/A | K42: =VLOOKUP(J42,'Species List'!$H$1:$J$9,2,FALSE) -> #N/A | L42: =VLOOKUP(K42,'Species List'!$I$1:$N$8,2,FALSE) -> #N/A | M42: =VALUE(L42) -> #N/A | N42: =L42/$L$153 -> #N/A | O42: =D42*N42 -> #N/A
B43: =IF(LEN(VLOOKUP(A43,'Species List'!$A:$G,2,FALSE))=0,"",VLOOKUP(A43,'Species List'!$A:$G,2,FALSE)) -> #N/A | C43: =IF(LEN(VLOOKUP(A43,'Species List'!$A:$G,3,FALSE))=0,"",VLOOKUP(A43,'Species List'!$A:$G,3,FALSE)) -> #N/A | D43: =VALUE(C43) -> #N/A | E43: =IF(LEN(VLOOKUP(A43,'Species List'!$A:$G,4,FALSE))=0,"",VLOOKUP(A43,'Species List'!$A:$G,4,FALSE)) -> #N/A | F43: =IF(LEN(VLOOKUP(A43,'Species List'!$A:$G,5,FALSE))=0,"",VLOOKUP(A43,'Species List'!$A:$G,5,FALSE)) -> #N/A | G43: =IF(LEN(VLOOKUP(A43,'Species List'!$A:$G,6,FALSE))=0,"",VLOOKUP(A43,'Species List'!$A:$G,6,FALSE)) -> #N/A | H43: =VLOOKUP(A43,'Species List'!$A:$G,7,FALSE) -> #N/A | K43: =VLOOKUP(J43,'Species List'!$H$1:$J$9,2,FALSE) -> #N/A | L43: =VLOOKUP(K43,'Species List'!$I$1:$N$8,2,FALSE) -> #N/A | M43: =VALUE(L43) -> #N/A | N43: =L43/$L$153 -> #N/A | O43: =D43*N43 -> #N/A
B44: =IF(LEN(VLOOKUP(A44,'Species List'!$A:$G,2,FALSE))=0,"",VLOOKUP(A44,'Species List'!$A:$G,2,FALSE)) -> #N/A | C44: =IF(LEN(VLOOKUP(A44,'Species List'!$A:$G,3,FALSE))=0,"",VLOOKUP(A44,'Species List'!$A:$G,3,FALSE)) -> #N/A | D44: =VALUE(C44) -> #N/A | E44: =IF(LEN(VLOOKUP(A44,'Species List'!$A:$G,4,FALSE))=0,"",VLOOKUP(A44,'Species List'!$A:$G,4,FALSE)) -> #N/A | F44: =IF(LEN(VLOOKUP(A44,'Species List'!$A:$G,5,FALSE))=0,"",VLOOKUP(A44,'Species List'!$A:$G,5,FALSE)) -> #N/A | G44: =IF(LEN(VLOOKUP(A44,'Species List'!$A:$G,6,FALSE))=0,"",VLOOKUP(A44,'Species List'!$A:$G,6,FALSE)) -> #N/A | H44: =VLOOKUP(A44,'Species List'!$A:$G,7,FALSE) -> #N/A | K44: =VLOOKUP(J44,'Species List'!$H$1:$J$9,2,FALSE) -> #N/A | L44: =VLOOKUP(K44,'Species List'!$I$1:$N$8,2,FALSE) -> #N/A | M44: =VALUE(L44) -> #N/A | N44: =L44/$L$153 -> #N/A | O44: =D44*N44 -> #N/A
B45: =IF(LEN(VLOOKUP(A45,'Species List'!$A:$G,2,FALSE))=0,"",VLOOKUP(A45,'Species List'!$A:$G,2,FALSE)) -> #N/A | C45: =IF(LEN(VLOOKUP(A45,'Species List'!$A:$G,3,FALSE))=0,"",VLOOKUP(A45,'Species List'!$A:$G,3,FALSE)) -> #N/A | D45: =VALUE(C45) -> #N/A | E45: =IF(LEN(VLOOKUP(A45,'Species List'!$A:$G,4,FALSE))=0,"",VLOOKUP(A45,'Species List'!$A:$G,4,FALSE)) -> #N/A | F45: =IF(LEN(VLOOKUP(A45,'Species List'!$A:$G,5,FALSE))=0,"",VLOOKUP(A45,'Species List'!$A:$G,5,FALSE)) -> #N/A | G45: =IF(LEN(VLOOKUP(A45,'Species List'!$A:$G,6,FALSE))=0,"",VLOOKUP(A45,'Species List'!$A:$G,6,FALSE)) -> #N/A | H45: =VLOOKUP(A45,'Species List'!$A:$G,7,FALSE) -> #N/A | K45: =VLOOKUP(J45,'Species List'!$H$1:$J$9,2,FALSE) -> #N/A | L45: =VLOOKUP(K45,'Species List'!$I$1:$N$8,2,FALSE) -> #N/A | M45: =VALUE(L45) -> #N/A | N45: =L45/$L$153 -> #N/A | O45: =D45*N45 -> #N/A
... B151: =IF(LEN(VLOOKUP(A151,'Species List'!$A:$G,2,FALSE))=0,"",VLOOKUP(A151,'Species List'!$A:$G,2,FALSE)) -> #N/A | C151: =IF(LEN(VLOOKUP(A151,'Species List'!$A:$G,3,FALSE))=0,"",VLOOKUP(A151,'Species List'!$A:$G,3,FALSE)) -> #N/A | D151: =VALUE(C151) -> #N/A | E151: =IF(LEN(VLOOKUP(A151,'Species List'!$A:$G,4,FALSE))=0,"",VLOOKUP(A151,'Species List'!$A:$G,4,FALSE)) -> #N/A | F151: =IF(LEN(VLOOKUP(A151,'Species List'!$A:$G,5,FALSE))=0,"",VLOOKUP(A151,'Species List'!$A:$G,5,FALSE)) -> #N/A | G151: =IF(LEN(VLOOKUP(A151,'Species List'!$A:$G,6,FALSE))=0,"",VLOOKUP(A151,'Species List'!$A:$G,6,FALSE)) -> #N/A | H151: =VLOOKUP(A151,'Species List'!$A:$G,7,FALSE) -> #N/A | K151: =VLOOKUP(J151,'Species List'!$H$1:$J$9,2,FALSE) -> #N/A | L151: =VLOOKUP(K151,'Species List'!$I$1:$N$8,2,FALSE) -> #N/A | M151: =VALUE(L151) -> #N/A | N151: =L151/$L$153 -> #N/A | O151: =D151*N151 -> #N/A
B152: =IF(LEN(VLOOKUP(A152,'Species List'!$A:$G,2,FALSE))=0,"",VLOOKUP(A152,'Species List'!$A:$G,2,FALSE)) -> #N/A | C152: =IF(LEN(VLOOKUP(A152,'Species List'!$A:$G,3,FALSE))=0,"",VLOOKUP(A152,'Species List'!$A:$G,3,FALSE)) -> #N/A | D152: =VALUE(C152) -> #N/A | E152: =IF(LEN(VLOOKUP(A152,'Species List'!$A:$G,4,FALSE))=0,"",VLOOKUP(A152,'Species List'!$A:$G,4,FALSE)) -> #N/A | F152: =IF(LEN(VLOOKUP(A152,'Species List'!$A:$G,5,FALSE))=0,"",VLOOKUP(A152,'Species List'!$A:$G,5,FALSE)) -> #N/A | G152: =IF(LEN(VLOOKUP(A152,'Species List'!$A:$G,6,FALSE))=0,"",VLOOKUP(A152,'Species List'!$A:$G,6,FALSE)) -> #N/A | H152: =VLOOKUP(A152,'Species List'!$A:$G,7,FALSE) -> #N/A | K152: =VLOOKUP(J152,'Species List'!$H$1:$J$9,2,FALSE) -> #N/A | L152: =VLOOKUP(K152,'Species List'!$I$1:$N$8,2,FALSE) -> #N/A | M152: =VALUE(L152) -> #N/A | N152: =L152/$L$152 -> #N/A | O152: =D152*N152 -> #N/A
I153: Total Midpoint % Cover: | L153: =SUMIF(L12:L152,">=0") -> 119.5

Sheet Grasses
A1: DAKOTA COUNTY VEGETATION DATA SHEET
A2: Releve Name:
A3: Surveyor's Name:
A4: MN County:
A5: Date:
A6: GPS:
A7: Plant Community:
A9: Scientific Name | B9: Common Name | C9: --> | D9: C Value | E9: Physiognamy | F9: MN Nativity | G9: MNWI | H9: Rarity Status | I9: ID | J9: CC | K9: CC Range | L9: --> | M9: Midpoint CC | N9: p | O9: pC
A10: G1-3i
A12: Bromus inermis | B12: =IF(LEN(VLOOKUP(A12,'Species List'!$A:$G,2,FALSE))=0,"",VLOOKUP(A12,'Species List'!$A:$G,2,FALSE)) -> smooth brome | C12: =IF(LEN(VLOOKUP(A12,'Species List'!$A:$G,3,FALSE))=0,"",VLOOKUP(A12,'Species List'!$A:$G,3,FALSE)) -> 0 | D12: =VALUE(C12) -> 0 | E12: =IF(LEN(VLOOKUP(A12,'Species List'!$A:$G,4,FALSE))=0,"",VLOOKUP(A12,'Species List'!$A:$G,4,FALSE)) -> G | F12: =IF(LEN(VLOOKUP(A12,'Species List'!$A:$G,5,FALSE))=0,"",VLOOKUP(A12,'Species List'!$A:$G,5,FALSE)) -> Introduced | G12: =IF(LEN(VLOOKUP(A12,'Species List'!$A:$G,6,FALSE))=0,"",VLOOKUP(A12,'Species List'!$A:$G,6,FALSE)) -> FACU | H12: =VLOOKUP(A12,'Species List'!$A:$G,7,FALSE) -> 0 | J12: 4 | K12: =VLOOKUP(J12,'Species List'!$H$1:$J$9,2,FALSE) -> >50-75% | L12: =VLOOKUP(K12,'Species List'!$I$1:$N$8,2,FALSE) -> 62.5 | M12: =VALUE(L12) -> 62.5 | N12: =L12/$L$153 -> 0.77639752 | O12: =D12*N12 -> 0
A13: Sporobolus heterolepis | B13: =IF(LEN(VLOOKUP(A13,'Species List'!$A:$G,2,FALSE))=0,"",VLOOKUP(A13,'Species List'!$A:$G,2,FALSE)) -> prairie dropseed | C13: =IF(LEN(VLOOKUP(A13,'Species List'!$A:$G,3,FALSE))=0,"",VLOOKUP(A13,'Species List'!$A:$G,3,FALSE)) -> 9 | D13: =VALUE(C13) -> 9 | E13: =IF(LEN(VLOOKUP(A13,'Species List'!$A:$G,4,FALSE))=0,"",VLOOKUP(A13,'Species List'!$A:$G,4,FALSE)) -> G | F13: =IF(LEN(VLOOKUP(A13,'Species List'!$A:$G,5,FALSE))=0,"",VLOOKUP(A13,'Species List'!$A:$G,5,FALSE)) -> Native | G13: =IF(LEN(VLOOKUP(A13,'Species List'!$A:$G,6,FALSE))=0,"",VLOOKUP(A13,'Species List'!$A:$G,6,FALSE)) -> FACU- | H13: =VLOOKUP(A13,'Species List'!$A:$G,7,FALSE) -> 0 | J13: + | K13: =VLOOKUP(J13,'Species List'!$H$1:$J$9,2,FALSE) -> >1-5% | L13: =VLOOKUP(K13,'Species List'!$I$1:$N$8,2,FALSE) -> 3 | M13: =VALUE(L13) -> 3 | N13: =L13/$L$153 -> 0.037267081 | O13: =D13*N13 -> 0.33540373
A14: Elymus repens | B14: =IF(LEN(VLOOKUP(A14,'Species List'!$A:$G,2,FALSE))=0,"",VLOOKUP(A14,'Species List'!$A:$G,2,FALSE)) -> quackgrass | C14: =IF(LEN(VLOOKUP(A14,'Species List'!$A:$G,3,FALSE))=0,"",VLOOKUP(A14,'Species List'!$A:$G,3,FALSE)) -> 0 | D14: =VALUE(C14) -> 0 | E14: =IF(LEN(VLOOKUP(A14,'Species List'!$A:$G,4,FALSE))=0,"",VLOOKUP(A14,'Species List'!$A:$G,4,FALSE)) -> G | F14: =IF(LEN(VLOOKUP(A14,'Species List'!$A:$G,5,FALSE))=0,"",VLOOKUP(A14,'Species List'!$A:$G,5,FALSE)) -> Introduced | G14: =IF(LEN(VLOOKUP(A14,'Species List'!$A:$G,6,FALSE))=0,"",VLOOKUP(A14,'Species List'!$A:$G,6,FALSE)) -> [FACU] | H14: =VLOOKUP(A14,'Species List'!$A:$G,7,FALSE) -> 0 | J14: + | K14: =VLOOKUP(J14,'Species List'!$H$1:$J$9,2,FALSE) -> >1-5% | L14: =VLOOKUP(K14,'Species List'!$I$1:$N$8,2,FALSE) -> 3 | M14: =VALUE(L14) -> 3 | N14: =L14/$L$153 -> 0.037267081 | O14: =D14*N14 -> 0
A15: Eragrostis spectabilis | B15: =IF(LEN(VLOOKUP(A15,'Species List'!$A:$G,2,FALSE))=0,"",VLOOKUP(A15,'Species List'!$A:$G,2,FALSE)) -> purple lovegrass | C15: =IF(LEN(VLOOKUP(A15,'Species List'!$A:$G,3,FALSE))=0,"",VLOOKUP(A15,'Species List'!$A:$G,3,FALSE)) -> 3 | D15: =VALUE(C15) -> 3 | E15: =IF(LEN(VLOOKUP(A15,'Species List'!$A:$G,4,FALSE))=0,"",VLOOKUP(A15,'Species List'!$A:$G,4,FALSE)) -> G | F15: =IF(LEN(VLOOKUP(A15,'Species List'!$A:$G,5,FALSE))=0,"",VLOOKUP(A15,'Species List'!$A:$G,5,FALSE)) -> Native | G15: =IF(LEN(VLOOKUP(A15,'Species List'!$A:$G,6,FALSE))=0,"",VLOOKUP(A15,'Species List'!$A:$G,6,FALSE)) -> UPL | H15: =VLOOKUP(A15,'Species List'!$A:$G,7,FALSE) -> 0 | J15: 1 | K15: =VLOOKUP(J15,'Species List'!$H$1:$J$9,2,FALSE) -> >1-5% | L15: =VLOOKUP(K15,'Species List'!$I$1:$N$8,2,FALSE) -> 3 | M15: =VALUE(L15) -> 3 | N15: =L15/$L$153 -> 0.037267081 | O15: =D15*N15 -> 0.11180124
A16: Bouteloua curtipendula | B16: =IF(LEN(VLOOKUP(A16,'Species List'!$A:$G,2,FALSE))=0,"",VLOOKUP(A16,'Species List'!$A:$G,2,FALSE)) | C16: =IF(LEN(VLOOKUP(A16,'Species List'!$A:$G,3,FALSE))=0,"",VLOOKUP(A16,'Species List'!$A:$G,3,FALSE)) -> 6 | D16: =VALUE(C16) -> 6 | E16: =IF(LEN(VLOOKUP(A16,'Species List'!$A:$G,4,FALSE))=0,"",VLOOKUP(A16,'Species List'!$A:$G,4,FALSE)) -> G | F16: =IF(LEN(VLOOKUP(A16,'Species List'!$A:$G,5,FALSE))=0,"",VLOOKUP(A16,'Species List'!$A:$G,5,FALSE)) -> Native | G16: =IF(LEN(VLOOKUP(A16,'Species List'!$A:$G,6,FALSE))=0,"",VLOOKUP(A16,'Species List'!$A:$G,6,FALSE)) | H16: =VLOOKUP(A16,'Species List'!$A:$G,7,FALSE) -> 0 | J16: + | K16: =VLOOKUP(J16,'Species List'!$H$1:$J$9,2,FALSE) -> >1-5% | L16: =VLOOKUP(K16,'Species List'!$I$1:$N$8,2,FALSE) -> 3 | M16: =VALUE(L16) -> 3 | N16: =L16/$L$153 -> 0.037267081 | O16: =D16*N16 -> 0.22360248
A17: Poa pratensis | B17: =IF(LEN(VLOOKUP(A17,'Species List'!$A:$G,2,FALSE))=0,"",VLOOKUP(A17,'Species List'!$A:$G,2,FALSE)) -> Kentucky bluegrass | C17: =IF(LEN(VLOOKUP(A17,'Species List'!$A:$G,3,FALSE))=0,"",VLOOKUP(A17,'Species List'!$A:$G,3,FALSE)) -> 0 | D17: =VALUE(C17) -> 0 | E17: =IF(LEN(VLOOKUP(A17,'Species List'!$A:$G,4,FALSE))=0,"",VLOOKUP(A17,'Species List'!$A:$G,4,FALSE)) -> G | F17: =IF(LEN(VLOOKUP(A17,'Species List'!$A:$G,5,FALSE))=0,"",VLOOKUP(A17,'Species List'!$A:$G,5,FALSE)) -> Introduced | G17: =IF(LEN(VLOOKUP(A17,'Species List'!$A:$G,6,FALSE))=0,"",VLOOKUP(A17,'Species List'!$A:$G,6,FALSE)) -> FAC | H17: =VLOOKUP(A17,'Species List'!$A:$G,7,FALSE) -> 0 | J17: 1 | K17: =VLOOKUP(J17,'Species List'!$H$1:$J$9,2,FALSE) -> >1-5% | L17: =VLOOKUP(K17,'Species List'!$I$1:$N$8,2,FALSE) -> 3 | M17: =VALUE(L17) -> 3 | N17: =L17/$L$153 -> 0.037267081 | O17: =D17*N17 -> 0
A18: Dichanthelium oligosanthes | B18: =IF(LEN(VLOOKUP(A18,'Species List'!$A:$G,2,FALSE))=0,"",VLOOKUP(A18,'Species List'!$A:$G,2,FALSE)) -> Scribner's panic grass | C18: =IF(LEN(VLOOKUP(A18,'Species List'!$A:$G,3,FALSE))=0,"",VLOOKUP(A18,'Species List'!$A:$G,3,FALSE)) -> 3 | D18: =VALUE(C18) -> 3 | E18: =IF(LEN(VLOOKUP(A18,'Species List'!$A:$G,4,FALSE))=0,"",VLOOKUP(A18,'Species List'!$A:$G,4,FALSE)) -> G | F18: =IF(LEN(VLOOKUP(A18,'Species List'!$A:$G,5,FALSE))=0,"",VLOOKUP(A18,'Species List'!$A:$G,5,FALSE)) -> Native | G18: =IF(LEN(VLOOKUP(A18,'Species List'!$A:$G,6,FALSE))=0,"",VLOOKUP(A18,'Species List'!$A:$G,6,FALSE)) -> FACU | H18: =VLOOKUP(A18,'Species List'!$A:$G,7,FALSE) -> 0 | J18: 1 | K18: =VLOOKUP(J18,'Species List'!$H$1:$J$9,2,FALSE) -> >1-5% | L18: =VLOOKUP(K18,'Species List'!$I$1:$N$8,2,FALSE) -> 3 | M18: =VALUE(L18) -> 3 | N18: =L18/$L$153 -> 0.037267081 | O18: =D18*N18 -> 0.11180124
B19: =IF(LEN(VLOOKUP(A19,'Species List'!$A:$G,2,FALSE))=0,"",VLOOKUP(A19,'Species List'!$A:$G,2,FALSE)) -> #N/A | C19: =IF(LEN(VLOOKUP(A19,'Species List'!$A:$G,3,FALSE))=0,"",VLOOKUP(A19,'Species List'!$A:$G,3,FALSE)) -> #N/A | D19: =VALUE(C19) -> #N/A | E19: =IF(LEN(VLOOKUP(A19,'Species List'!$A:$G,4,FALSE))=0,"",VLOOKUP(A19,'Species List'!$A:$G,4,FALSE)) -> #N/A | F19: =IF(LEN(VLOOKUP(A19,'Species List'!$A:$G,5,FALSE))=0,"",VLOOKUP(A19,'Species List'!$A:$G,5,FALSE)) -> #N/A | G19: =IF(LEN(VLOOKUP(A19,'Species List'!$A:$G,6,FALSE))=0,"",VLOOKUP(A19,'Species List'!$A:$G,6,FALSE)) -> #N/A | H19: =VLOOKUP(A19,'Species List'!$A:$G,7,FALSE) -> #N/A | K19: =VLOOKUP(J19,'Species List'!$H$1:$J$9,2,FALSE) -> #N/A | L19: =VLOOKUP(K19,'Species List'!$I$1:$N$8,2,FALSE) -> #N/A | M19: =VALUE(L19) -> #N/A | N19: =L19/$L$153 -> #N/A | O19: =D19*N19 -> #N/A
B20: =IF(LEN(VLOOKUP(A20,'Species List'!$A:$G,2,FALSE))=0,"",VLOOKUP(A20,'Species List'!$A:$G,2,FALSE)) -> #N/A | C20: =IF(LEN(VLOOKUP(A20,'Species List'!$A:$G,3,FALSE))=0,"",VLOOKUP(A20,'Species List'!$A:$G,3,FALSE)) -> #N/A | D20: =VALUE(C20) -> #N/A | E20: =IF(LEN(VLOOKUP(A20,'Species List'!$A:$G,4,FALSE))=0,"",VLOOKUP(A20,'Species List'!$A:$G,4,FALSE)) -> #N/A | F20: =IF(LEN(VLOOKUP(A20,'Species List'!$A:$G,5,FALSE))=0,"",VLOOKUP(A20,'Species List'!$A:$G,5,FALSE)) -> #N/A | G20: =IF(LEN(VLOOKUP(A20,'Species List'!$A:$G,6,FALSE))=0,"",VLOOKUP(A20,'Species List'!$A:$G,6,FALSE)) -> #N/A | H20: =VLOOKUP(A20,'Species List'!$A:$G,7,FALSE) -> #N/A | K20: =VLOOKUP(J20,'Species List'!$H$1:$J$9,2,FALSE) -> #N/A | L20: =VLOOKUP(K20,'Species List'!$I$1:$N$8,2,FALSE) -> #N/A | M20: =VALUE(L20) -> #N/A | N20: =L20/$L$153 -> #N/A | O20: =D20*N20 -> #N/A
B21: =IF(LEN(VLOOKUP(A21,'Species List'!$A:$G,2,FALSE))=0,"",VLOOKUP(A21,'Species List'!$A:$G,2,FALSE)) -> #N/A | C21: =IF(LEN(VLOOKUP(A21,'Species List'!$A:$G,3,FALSE))=0,"",VLOOKUP(A21,'Species List'!$A:$G,3,FALSE)) -> #N/A | D21: =VALUE(C21) -> #N/A | E21: =IF(LEN(VLOOKUP(A21,'Species List'!$A:$G,4,FALSE))=0,"",VLOOKUP(A21,'Species List'!$A:$G,4,FALSE)) -> #N/A | F21: =IF(LEN(VLOOKUP(A21,'Species List'!$A:$G,5,FALSE))=0,"",VLOOKUP(A21,'Species List'!$A:$G,5,FALSE)) -> #N/A | G21: =IF(LEN(VLOOKUP(A21,'Species List'!$A:$G,6,FALSE))=0,"",VLOOKUP(A21,'Species List'!$A:$G,6,FALSE)) -> #N/A | H21: =VLOOKUP(A21,'Species List'!$A:$G,7,FALSE) -> #N/A | K21: =VLOOKUP(J21,'Species List'!$H$1:$J$9,2,FALSE) -> #N/A | L21: =VLOOKUP(K21,'Species List'!$I$1:$N$8,2,FALSE) -> #N/A | M21: =VALUE(L21) -> #N/A | N21: =L21/$L$153 -> #N/A | O21: =D21*N21 -> #N/A
B22: =IF(LEN(VLOOKUP(A22,'Species List'!$A:$G,2,FALSE))=0,"",VLOOKUP(A22,'Species List'!$A:$G,2,FALSE)) -> #N/A | C22: =IF(LEN(VLOOKUP(A22,'Species List'!$A:$G,3,FALSE))=0,"",VLOOKUP(A22,'Species List'!$A:$G,3,FALSE)) -> #N/A | D22: =VALUE(C22) -> #N/A | E22: =IF(LEN(VLOOKUP(A22,'Species List'!$A:$G,4,FALSE))=0,"",VLOOKUP(A22,'Species List'!$A:$G,4,FALSE)) -> #N/A | F22: =IF(LEN(VLOOKUP(A22,'Species List'!$A:$G,5,FALSE))=0,"",VLOOKUP(A22,'Species List'!$A:$G,5,FALSE)) -> #N/A | G22: =IF(LEN(VLOOKUP(A22,'Species List'!$A:$G,6,FALSE))=0,"",VLOOKUP(A22,'Species List'!$A:$G,6,FALSE)) -> #N/A | H22: =VLOOKUP(A22,'Species List'!$A:$G,7,FALSE) -> #N/A | K22: =VLOOKUP(J22,'Species List'!$H$1:$J$9,2,FALSE) -> #N/A | L22: =VLOOKUP(K22,'Species List'!$I$1:$N$8,2,FALSE) -> #N/A | M22: =VALUE(L22) -> #N/A | N22: =L22/$L$153 -> #N/A | O22: =D22*N22 -> #N/A
B23: =IF(LEN(VLOOKUP(A23,'Species List'!$A:$G,2,FALSE))=0,"",VLOOKUP(A23,'Species List'!$A:$G,2,FALSE)) -> #N/A | C23: =IF(LEN(VLOOKUP(A23,'Species List'!$A:$G,3,FALSE))=0,"",VLOOKUP(A23,'Species List'!$A:$G,3,FALSE)) -> #N/A | D23: =VALUE(C23) -> #N/A | E23: =IF(LEN(VLOOKUP(A23,'Species List'!$A:$G,4,FALSE))=0,"",VLOOKUP(A23,'Species List'!$A:$G,4,FALSE)) -> #N/A | F23: =IF(LEN(VLOOKUP(A23,'Species List'!$A:$G,5,FALSE))=0,"",VLOOKUP(A23,'Species List'!$A:$G,5,FALSE)) -> #N/A | G23: =IF(LEN(VLOOKUP(A23,'Species List'!$A:$G,6,FALSE))=0,"",VLOOKUP(A23,'Species List'!$A:$G,6,FALSE)) -> #N/A | H23: =VLOOKUP(A23,'Species List'!$A:$G,7,FALSE) -> #N/A | K23: =VLOOKUP(J23,'Species List'!$H$1:$J$9,2,FALSE) -> #N/A | L23: =VLOOKUP(K23,'Species List'!$I$1:$N$8,2,FALSE) -> #N/A | M23: =VALUE(L23) -> #N/A | N23: =L23/$L$153 -> #N/A | O23: =D23*N23 -> #N/A
B24: =IF(LEN(VLOOKUP(A24,'Species List'!$A:$G,2,FALSE))=0,"",VLOOKUP(A24,'Species List'!$A:$G,2,FALSE)) -> #N/A | C24: =IF(LEN(VLOOKUP(A24,'Species List'!$A:$G,3,FALSE))=0,"",VLOOKUP(A24,'Species List'!$A:$G,3,FALSE)) -> #N/A | D24: =VALUE(C24) -> #N/A | E24: =IF(LEN(VLOOKUP(A24,'Species List'!$A:$G,4,FALSE))=0,"",VLOOKUP(A24,'Species List'!$A:$G,4,FALSE)) -> #N/A | F24: =IF(LEN(VLOOKUP(A24,'Species List'!$A:$G,5,FALSE))=0,"",VLOOKUP(A24,'Species List'!$A:$G,5,FALSE)) -> #N/A | G24: =IF(LEN(VLOOKUP(A24,'Species List'!$A:$G,6,FALSE))=0,"",VLOOKUP(A24,'Species List'!$A:$G,6,FALSE)) -> #N/A | H24: =VLOOKUP(A24,'Species List'!$A:$G,7,FALSE) -> #N/A | K24: =VLOOKUP(J24,'Species List'!$H$1:$J$9,2,FALSE) -> #N/A | L24: =VLOOKUP(K24,'Species List'!$I$1:$N$8,2,FALSE) -> #N/A | M24: =VALUE(L24) -> #N/A | N24: =L24/$L$153 -> #N/A | O24: =D24*N24 -> #N/A
B25: =IF(LEN(VLOOKUP(A25,'Species List'!$A:$G,2,FALSE))=0,"",VLOOKUP(A25,'Species List'!$A:$G,2,FALSE)) -> #N/A | C25: =IF(LEN(VLOOKUP(A25,'Species List'!$A:$G,3,FALSE))=0,"",VLOOKUP(A25,'Species List'!$A:$G,3,FALSE)) -> #N/A | D25: =VALUE(C25) -> #N/A | E25: =IF(LEN(VLOOKUP(A25,'Species List'!$A:$G,4,FALSE))=0,"",VLOOKUP(A25,'Species List'!$A:$G,4,FALSE)) -> #N/A | F25: =IF(LEN(VLOOKUP(A25,'Species List'!$A:$G,5,FALSE))=0,"",VLOOKUP(A25,'Species List'!$A:$G,5,FALSE)) -> #N/A | G25: =IF(LEN(VLOOKUP(A25,'Species List'!$A:$G,6,FALSE))=0,"",VLOOKUP(A25,'Species List'!$A:$G,6,FALSE)) -> #N/A | H25: =VLOOKUP(A25,'Species List'!$A:$G,7,FALSE) -> #N/A | K25: =VLOOKUP(J25,'Species List'!$H$1:$J$9,2,FALSE) -> #N/A | L25: =VLOOKUP(K25,'Species List'!$I$1:$N$8,2,FALSE) -> #N/A | M25: =VALUE(L25) -> #N/A | N25: =L25/$L$153 -> #N/A | O25: =D25*N25 -> #N/A
B26: =IF(LEN(VLOOKUP(A26,'Species List'!$A:$G,2,FALSE))=0,"",VLOOKUP(A26,'Species List'!$A:$G,2,FALSE)) -> #N/A | C26: =IF(LEN(VLOOKUP(A26,'Species List'!$A:$G,3,FALSE))=0,"",VLOOKUP(A26,'Species List'!$A:$G,3,FALSE)) -> #N/A | D26: =VALUE(C26) -> #N/A | E26: =IF(LEN(VLOOKUP(A26,'Species List'!$A:$G,4,FALSE))=0,"",VLOOKUP(A26,'Species List'!$A:$G,4,FALSE)) -> #N/A | F26: =IF(LEN(VLOOKUP(A26,'Species List'!$A:$G,5,FALSE))=0,"",VLOOKUP(A26,'Species List'!$A:$G,5,FALSE)) -> #N/A | G26: =IF(LEN(VLOOKUP(A26,'Species List'!$A:$G,6,FALSE))=0,"",VLOOKUP(A26,'Species List'!$A:$G,6,FALSE)) -> #N/A | H26: =VLOOKUP(A26,'Species List'!$A:$G,7,FALSE) -> #N/A | K26: =VLOOKUP(J26,'Species List'!$H$1:$J$9,2,FALSE) -> #N/A | L26: =VLOOKUP(K26,'Species List'!$I$1:$N$8,2,FALSE) -> #N/A | M26: =VALUE(L26) -> #N/A | N26: =L26/$L$153 -> #N/A | O26: =D26*N26 -> #N/A
B27: =IF(LEN(VLOOKUP(A27,'Species List'!$A:$G,2,FALSE))=0,"",VLOOKUP(A27,'Species List'!$A:$G,2,FALSE)) -> #N/A | C27: =IF(LEN(VLOOKUP(A27,'Species List'!$A:$G,3,FALSE))=0,"",VLOOKUP(A27,'Species List'!$A:$G,3,FALSE)) -> #N/A | D27: =VALUE(C27) -> #N/A | E27: =IF(LEN(VLOOKUP(A27,'Species List'!$A:$G,4,FALSE))=0,"",VLOOKUP(A27,'Species List'!$A:$G,4,FALSE)) -> #N/A | F27: =IF(LEN(VLOOKUP(A27,'Species List'!$A:$G,5,FALSE))=0,"",VLOOKUP(A27,'Species List'!$A:$G,5,FALSE)) -> #N/A | G27: =IF(LEN(VLOOKUP(A27,'Species List'!$A:$G,6,FALSE))=0,"",VLOOKUP(A27,'Species List'!$A:$G,6,FALSE)) -> #N/A | H27: =VLOOKUP(A27,'Species List'!$A:$G,7,FALSE) -> #N/A | K27: =VLOOKUP(J27,'Species List'!$H$1:$J$9,2,FALSE) -> #N/A | L27: =VLOOKUP(K27,'Species List'!$I$1:$N$8,2,FALSE) -> #N/A | M27: =VALUE(L27) -> #N/A | N27: =L27/$L$153 -> #N/A | O27: =D27*N27 -> #N/A
B28: =IF(LEN(VLOOKUP(A28,'Species List'!$A:$G,2,FALSE))=0,"",VLOOKUP(A28,'Species List'!$A:$G,2,FALSE)) -> #N/A | C28: =IF(LEN(VLOOKUP(A28,'Species List'!$A:$G,3,FALSE))=0,"",VLOOKUP(A28,'Species List'!$A:$G,3,FALSE)) -> #N/A | D28: =VALUE(C28) -> #N/A | E28: =IF(LEN(VLOOKUP(A28,'Species List'!$A:$G,4,FALSE))=0,"",VLOOKUP(A28,'Species List'!$A:$G,4,FALSE)) -> #N/A | F28: =IF(LEN(VLOOKUP(A28,'Species List'!$A:$G,5,FALSE))=0,"",VLOOKUP(A28,'Species List'!$A:$G,5,FALSE)) -> #N/A | G28: =IF(LEN(VLOOKUP(A28,'Species List'!$A:$G,6,FALSE))=0,"",VLOOKUP(A28,'Species List'!$A:$G,6,FALSE)) -> #N/A | H28: =VLOOKUP(A28,'Species List'!$A:$G,7,FALSE) -> #N/A | K28: =VLOOKUP(J28,'Species List'!$H$1:$J$9,2,FALSE) -> #N/A | L28: =VLOOKUP(K28,'Species List'!$I$1:$N$8,2,FALSE) -> #N/A | M28: =VALUE(L28) -> #N/A | N28: =L28/$L$153 -> #N/A | O28: =D28*N28 -> #N/A
B29: =IF(LEN(VLOOKUP(A29,'Species List'!$A:$G,2,FALSE))=0,"",VLOOKUP(A29,'Species List'!$A:$G,2,FALSE)) -> #N/A | C29: =IF(LEN(VLOOKUP(A29,'Species List'!$A:$G,3,FALSE))=0,"",VLOOKUP(A29,'Species List'!$A:$G,3,FALSE)) -> #N/A | D29: =VALUE(C29) -> #N/A | E29: =IF(LEN(VLOOKUP(A29,'Species List'!$A:$G,4,FALSE))=0,"",VLOOKUP(A29,'Species List'!$A:$G,4,FALSE)) -> #N/A | F29: =IF(LEN(VLOOKUP(A29,'Species List'!$A:$G,5,FALSE))=0,"",VLOOKUP(A29,'Species List'!$A:$G,5,FALSE)) -> #N/A | G29: =IF(LEN(VLOOKUP(A29,'Species List'!$A:$G,6,FALSE))=0,"",VLOOKUP(A29,'Species List'!$A:$G,6,FALSE)) -> #N/A | H29: =VLOOKUP(A29,'Species List'!$A:$G,7,FALSE) -> #N/A | K29: =VLOOKUP(J29,'Species List'!$H$1:$J$9,2,FALSE) -> #N/A | L29: =VLOOKUP(K29,'Species List'!$I$1:$N$8,2,FALSE) -> #N/A | M29: =VALUE(L29) -> #N/A | N29: =L29/$L$153 -> #N/A | O29: =D29*N29 -> #N/A
B30: =IF(LEN(VLOOKUP(A30,'Species List'!$A:$G,2,FALSE))=0,"",VLOOKUP(A30,'Species List'!$A:$G,2,FALSE)) -> #N/A | C30: =IF(LEN(VLOOKUP(A30,'Species List'!$A:$G,3,FALSE))=0,"",VLOOKUP(A30,'Species List'!$A:$G,3,FALSE)) -> #N/A | D30: =VALUE(C30) -> #N/A | E30: =IF(LEN(VLOOKUP(A30,'Species List'!$A:$G,4,FALSE))=0,"",VLOOKUP(A30,'Species List'!$A:$G,4,FALSE)) -> #N/A | F30: =IF(LEN(VLOOKUP(A30,'Species List'!$A:$G,5,FALSE))=0,"",VLOOKUP(A30,'Species List'!$A:$G,5,FALSE)) -> #N/A | G30: =IF(LEN(VLOOKUP(A30,'Species List'!$A:$G,6,FALSE))=0,"",VLOOKUP(A30,'Species List'!$A:$G,6,FALSE)) -> #N/A | H30: =VLOOKUP(A30,'Species List'!$A:$G,7,FALSE) -> #N/A | K30: =VLOOKUP(J30,'Species List'!$H$1:$J$9,2,FALSE) -> #N/A | L30: =VLOOKUP(K30,'Species List'!$I$1:$N$8,2,FALSE) -> #N/A | M30: =VALUE(L30) -> #N/A | N30: =L30/$L$153 -> #N/A | O30: =D30*N30 -> #N/A
... B152: =IF(LEN(VLOOKUP(A152,'Species List'!$A:$G,2,FALSE))=0,"",VLOOKUP(A152,'Species List'!$A:$G,2,FALSE)) -> #N/A | C152: =IF(LEN(VLOOKUP(A152,'Species List'!$A:$G,3,FALSE))=0,"",VLOOKUP(A152,'Species List'!$A:$G,3,FALSE)) -> #N/A | D152: =VALUE(C152) -> #N/A | E152: =IF(LEN(VLOOKUP(A152,'Species List'!$A:$G,4,FALSE))=0,"",VLOOKUP(A152,'Species List'!$A:$G,4,FALSE)) -> #N/A | F152: =IF(LEN(VLOOKUP(A152,'Species List'!$A:$G,5,FALSE))=0,"",VLOOKUP(A152,'Species List'!$A:$G,5,FALSE)) -> #N/A | G152: =IF(LEN(VLOOKUP(A152,'Species List'!$A:$G,6,FALSE))=0,"",VLOOKUP(A152,'Species List'!$A:$G,6,FALSE)) -> #N/A | H152: =VLOOKUP(A152,'Species List'!$A:$G,7,FALSE) -> #N/A | K152: =VLOOKUP(J152,'Species List'!$H$1:$J$9,2,FALSE) -> #N/A | L152: =VLOOKUP(K152,'Species List'!$I$1:$N$8,2,FALSE) -> #N/A | M152: =VALUE(L152) -> #N/A | N152: =L152/$L$153 -> #N/A | O152: =D152*N152 -> #N/A
I153: Total Midpoint % Cover: | L153: =SUMIF(L12:L152,">=0") -> 80.5

Sheet Overall Site Assessment
A1: SITE ASSESSMENT
B2: Woody | C2: Forbs | D2: Grasses | E2: Average | F2: Total
A3: Community Type
A4: Native Species Richness (S) | B4: =COUNTIF(Woody!$F$12:$F$151,"Native") -> 5 | C4: =COUNTIF(Forbs!$F$12:$F$150,"Native") -> 18 | D4: =COUNTIF(Grasses!$F$12:$F$151,"Native") -> 4 | E4: =AVERAGE(B4:D4) -> 9 | F4: =SUM(B4:D4) -> 27
A5: Introduced Species Richness | B5: =COUNTIF(Woody!$F12:$F201,"Introduced") -> 4 | C5: =COUNTIF(Forbs!$F12:$F201,"Introduced") -> 4 | D5: =COUNTIF(Grasses!$F12:$F201,"Introduced") -> 3 | E5: =AVERAGE(B5:D5) -> 3.6666667 | F5: =SUM(B5:D5) -> 11
A6: Total Species Richness (Si) | B6: =SUM(B4:B5) -> 9 | C6: =SUM(C4:C5) -> 22 | D6: =SUM(D4:D5) -> 7 | E6: =AVERAGE(B6:D6) -> 12.666667 | F6: =SUM(B6:D6) -> 38
A7: Mean C | B7: =AVERAGEIF(Woody!D12:D152,">0") -> 2.6 | C7: =AVERAGEIF(Forbs!D12:D152,">0") -> 4.3125 | D7: =AVERAGEIF(Grasses!D12:D152,">0") -> 5.25 | E7: =AVERAGE(B7:D7) -> 4.0541667 | F7: =(SUMIF(Woody!D12:D152,">0")+SUMIF(Forbs!D12:D152,">0")+SUMIF(Grasses!D12:D152,">0"))/(COUNTIF(Woody!D12:D152,">0")+COUNTIF(Forbs!D12:D152,">0")+COUNTIF(Grasses!D12:D152,">0")) -> 4.12
A8: Overall Mean Ci | B8: =AVERAGEIF(Woody!D12:D152,">=0") -> 1.4444444 | C8: =AVERAGEIF(Forbs!D12:D152,">=0") -> 3.1363636 | D8: =AVERAGEIF(Grasses!D12:D152,">=0") -> 3 | E8: =AVERAGE(B8:D8) -> 2.526936 | F8: =(SUMIF(Woody!D12:D152,">=0")+SUMIF(Forbs!D12:D152,">=0")+SUMIF(Grasses!D12:D152,">=0"))/(COUNTIF(Woody!D12:D152,">=0")+COUNTIF(Forbs!D12:D152,">=0")+COUNTIF(Grasses!D12:D152,">=0")) -> 2.7105263
A9: FQI | B9: =SQRT(B4)*B7 -> 5.8137767 | C9: =SQRT(C4)*C7 -> 18.296388 | D9: =SQRT(D4)*D7 -> 10.5 | E9: =SQRT(E4)*E7 -> 12.1625 | F9: =SQRT(F4)*F7 -> 21.408148
A10: FQIi | B10: =SQRT(B6)*B8 -> 4.3333333 | C10: =SQRT(C6)*C8 -> 14.710849 | D10: =SQRT(D6)*D8 -> 7.9372539 | E10: =SQRT(E6)*E8 -> 8.9934312 | F10: =SQRT(F6)*F8 -> 16.708806
A11: Total Midpoint % Cover | B11: =SUMIF(Woody!$M$12:$M$152,">=0") -> 79 | C11: =SUMIF(Forbs!$M$12:$M$153,">=0") -> 119.5 | D11: =SUMIF(Grasses!$M$12:$M$152,">=0") -> 80.5 | E11: =AVERAGE(B11:D11) -> 93 | F11: =SUM(B11:D11) -> 279
A12: Total Introduced Species %Cover | B12: =SUMIF(Woody!$F$12:$F$152,"Introduced",Woody!$L$12:$L$152) -> 7 | C12: =SUMIF(Forbs!$F$12:$F$153,"Introduced",Forbs!$L$12:$L$153) -> 9.5 | D12: =SUMIF(Grasses!$F$12:$F$152,"Introduced",Grasses!$L$12:$L$152) -> 68.5 | E12: =AVERAGE(B12:D12) -> 28.333333 | F12: =SUM(B12:D12) -> 85
A13: Proportion of Introduced Cover | B13: =B12/B11 -> 0.088607595 | C13: =C12/C11 -> 0.079497908 | D13: =D12/D11 -> 0.85093168 | E13: =E12/E11 -> 0.3046595 | F13: =F12/F11 -> 0.3046595
A15: wC | B15: =SUMIF(Woody!$O$12:$O$152,">=0") -> 1.9367089 | C15: =SUMIF(Forbs!$O$12:$O$152,">=0") -> 4.3933054 | D15: =SUMIF(Grasses!$O$12:$O$152,">=0") -> 0.7826087 | E15: =AVERAGE(B15:D15) -> 2.3708743 | F15: =SUM(B15:D15) -> 7.112623
A17: Numerical Condition Category
A18: Condition Category
